﻿{"data":[{"Links":[],"ChildObjects":[{"ObjectIdentifier":"CDDAC5F6-5F7C-4324-A86D-6A3C96F9FD61","ObjectType":"OU"},{"ObjectIdentifier":"CD84323C-123E-414C-A076-8FF4B5D4FDF6","ObjectType":"OU"},{"ObjectIdentifier":"4AF11520-2C5C-4995-AF17-0F9CCE62CFAB","ObjectType":"OU"},{"ObjectIdentifier":"2259AD18-3524-400F-BCB6-2CDC590B8487","ObjectType":"OU"}],"Aces":[{"PrincipalSID":"S-1-5-21-254738255-2385362917-1079920137-512","PrincipalType":"Group","RightName":"Owns","IsInherited":false},{"PrincipalSID":"S-1-5-21-254738255-2385362917-1079920137-512","PrincipalType":"Group","RightName":"GenericAll","IsInherited":false},{"PrincipalSID":"S-1-5-21-254738255-2385362917-1079920137-519","PrincipalType":"Group","RightName":"GenericAll","IsInherited":true},{"PrincipalSID":"OCAV.LOCAL-S-1-5-32-544","PrincipalType":"Group","RightName":"WriteDacl","IsInherited":true},{"PrincipalSID":"OCAV.LOCAL-S-1-5-32-544","PrincipalType":"Group","RightName":"WriteOwner","IsInherited":true}],"ObjectIdentifier":"DF78C579-BE50-457C-8C16-60470CD2DC75","IsDeleted":false,"IsACLProtected":false,"GPOChanges":{"LocalAdmins":[],"RemoteDesktopUsers":[],"DcomUsers":[],"PSRemoteUsers":[],"AffectedComputers":[]},"Properties":{"domain":"OCAV.LOCAL","name":"MYBUSINESS@OCAV.LOCAL","distinguishedname":"OU=MYBUSINESS,DC=OCAV,DC=LOCAL","domainsid":"S-1-5-21-254738255-2385362917-1079920137","highvalue":false,"description":"Default organizational unit for Windows Small Business Server 2011 Standard","whencreated":1359102084,"blocksinheritance":false}},{"Links":[],"ChildObjects":[{"ObjectIdentifier":"S-1-5-21-254738255-2385362917-1079920137-1209","ObjectType":"Group"},{"ObjectIdentifier":"S-1-5-21-254738255-2385362917-1079920137-1488","ObjectType":"Group"},{"ObjectIdentifier":"S-1-5-21-254738255-2385362917-1079920137-1166","ObjectType":"Group"},{"ObjectIdentifier":"S-1-5-21-254738255-2385362917-1079920137-1165","ObjectType":"Group"},{"ObjectIdentifier":"S-1-5-21-254738255-2385362917-1079920137-1283","ObjectType":"Group"},{"ObjectIdentifier":"S-1-5-21-254738255-2385362917-1079920137-1285","ObjectType":"Group"},{"ObjectIdentifier":"S-1-5-21-254738255-2385362917-1079920137-1284","ObjectType":"Group"},{"ObjectIdentifier":"S-1-5-21-254738255-2385362917-1079920137-1296","ObjectType":"Group"},{"ObjectIdentifier":"S-1-5-21-254738255-2385362917-1079920137-1167","ObjectType":"Group"},{"ObjectIdentifier":"S-1-5-21-254738255-2385362917-1079920137-1151","ObjectType":"Group"},{"ObjectIdentifier":"S-1-5-21-254738255-2385362917-1079920137-1489","ObjectType":"Group"},{"ObjectIdentifier":"S-1-5-21-254738255-2385362917-1079920137-1150","ObjectType":"Group"},{"ObjectIdentifier":"S-1-5-21-254738255-2385362917-1079920137-1141","ObjectType":"Group"},{"ObjectIdentifier":"S-1-5-21-254738255-2385362917-1079920137-1140","ObjectType":"Group"},{"ObjectIdentifier":"S-1-5-21-254738255-2385362917-1079920137-1142","ObjectType":"Group"},{"ObjectIdentifier":"S-1-5-21-254738255-2385362917-1079920137-1149","ObjectType":"Group"},{"ObjectIdentifier":"S-1-5-21-254738255-2385362917-1079920137-1139","ObjectType":"Group"},{"ObjectIdentifier":"S-1-5-21-254738255-2385362917-1079920137-1147","ObjectType":"Group"},{"ObjectIdentifier":"S-1-5-21-254738255-2385362917-1079920137-1148","ObjectType":"Group"},{"ObjectIdentifier":"S-1-5-21-254738255-2385362917-1079920137-1146","ObjectType":"Group"},{"ObjectIdentifier":"S-1-5-21-254738255-2385362917-1079920137-1143","ObjectType":"Group"}],"Aces":[{"PrincipalSID":"S-1-5-21-254738255-2385362917-1079920137-512","PrincipalType":"Group","RightName":"Owns","IsInherited":false},{"PrincipalSID":"S-1-5-21-254738255-2385362917-1079920137-512","PrincipalType":"Group","RightName":"GenericAll","IsInherited":false},{"PrincipalSID":"S-1-5-21-254738255-2385362917-1079920137-519","PrincipalType":"Group","RightName":"GenericAll","IsInherited":true},{"PrincipalSID":"OCAV.LOCAL-S-1-5-32-544","PrincipalType":"Group","RightName":"WriteDacl","IsInherited":true},{"PrincipalSID":"OCAV.LOCAL-S-1-5-32-544","PrincipalType":"Group","RightName":"WriteOwner","IsInherited":true}],"ObjectIdentifier":"4AF11520-2C5C-4995-AF17-0F9CCE62CFAB","IsDeleted":false,"IsACLProtected":false,"GPOChanges":{"LocalAdmins":[],"RemoteDesktopUsers":[],"DcomUsers":[],"PSRemoteUsers":[],"AffectedComputers":[]},"Properties":{"domain":"OCAV.LOCAL","name":"SECURITY GROUPS@OCAV.LOCAL","distinguishedname":"OU=SECURITY GROUPS,OU=MYBUSINESS,DC=OCAV,DC=LOCAL","domainsid":"S-1-5-21-254738255-2385362917-1079920137","highvalue":false,"description":"Default organizational unit for security groups created with the Add a New Group wizard","whencreated":1359102084,"blocksinheritance":false}},{"Links":[],"ChildObjects":[{"ObjectIdentifier":"CDD888D8-2C92-4131-A282-4D3AAD68F87C","ObjectType":"OU"},{"ObjectIdentifier":"AABA482F-6C18-443C-BFED-8F27702FE467","ObjectType":"OU"}],"Aces":[{"PrincipalSID":"S-1-5-21-254738255-2385362917-1079920137-512","PrincipalType":"Group","RightName":"Owns","IsInherited":false},{"PrincipalSID":"S-1-5-21-254738255-2385362917-1079920137-512","PrincipalType":"Group","RightName":"GenericAll","IsInherited":false},{"PrincipalSID":"S-1-5-21-254738255-2385362917-1079920137-519","PrincipalType":"Group","RightName":"GenericAll","IsInherited":true},{"PrincipalSID":"OCAV.LOCAL-S-1-5-32-544","PrincipalType":"Group","RightName":"WriteDacl","IsInherited":true},{"PrincipalSID":"OCAV.LOCAL-S-1-5-32-544","PrincipalType":"Group","RightName":"WriteOwner","IsInherited":true}],"ObjectIdentifier":"CDDAC5F6-5F7C-4324-A86D-6A3C96F9FD61","IsDeleted":false,"IsACLProtected":false,"GPOChanges":{"LocalAdmins":[],"RemoteDesktopUsers":[],"DcomUsers":[],"PSRemoteUsers":[],"AffectedComputers":[]},"Properties":{"domain":"OCAV.LOCAL","name":"COMPUTERS@OCAV.LOCAL","distinguishedname":"OU=COMPUTERS,OU=MYBUSINESS,DC=OCAV,DC=LOCAL","domainsid":"S-1-5-21-254738255-2385362917-1079920137","highvalue":false,"description":"Default organizational unit for computer accounts created with the Add Computer program","whencreated":1359102084,"blocksinheritance":false}},{"Links":[],"ChildObjects":[],"Aces":[{"PrincipalSID":"S-1-5-21-254738255-2385362917-1079920137-512","PrincipalType":"Group","RightName":"Owns","IsInherited":false},{"PrincipalSID":"S-1-5-21-254738255-2385362917-1079920137-512","PrincipalType":"Group","RightName":"GenericAll","IsInherited":false},{"PrincipalSID":"S-1-5-21-254738255-2385362917-1079920137-519","PrincipalType":"Group","RightName":"GenericAll","IsInherited":true},{"PrincipalSID":"OCAV.LOCAL-S-1-5-32-544","PrincipalType":"Group","RightName":"WriteDacl","IsInherited":true},{"PrincipalSID":"OCAV.LOCAL-S-1-5-32-544","PrincipalType":"Group","RightName":"WriteOwner","IsInherited":true}],"ObjectIdentifier":"AABA482F-6C18-443C-BFED-8F27702FE467","IsDeleted":false,"IsACLProtected":false,"GPOChanges":{"LocalAdmins":[],"RemoteDesktopUsers":[],"DcomUsers":[],"PSRemoteUsers":[],"AffectedComputers":[]},"Properties":{"domain":"OCAV.LOCAL","name":"SBSSERVERS@OCAV.LOCAL","distinguishedname":"OU=SBSSERVERS,OU=COMPUTERS,OU=MYBUSINESS,DC=OCAV,DC=LOCAL","domainsid":"S-1-5-21-254738255-2385362917-1079920137","highvalue":false,"description":"Server Computer","whencreated":1359102084,"blocksinheritance":false}},{"Links":[],"ChildObjects":[{"ObjectIdentifier":"S-1-5-21-254738255-2385362917-1079920137-1126","ObjectType":"Group"},{"ObjectIdentifier":"S-1-5-21-254738255-2385362917-1079920137-1124","ObjectType":"Group"},{"ObjectIdentifier":"S-1-5-21-254738255-2385362917-1079920137-1130","ObjectType":"Group"},{"ObjectIdentifier":"S-1-5-21-254738255-2385362917-1079920137-1128","ObjectType":"Group"},{"ObjectIdentifier":"S-1-5-21-254738255-2385362917-1079920137-1129","ObjectType":"Group"},{"ObjectIdentifier":"S-1-5-21-254738255-2385362917-1079920137-1131","ObjectType":"Group"},{"ObjectIdentifier":"S-1-5-21-254738255-2385362917-1079920137-1132","ObjectType":"Group"},{"ObjectIdentifier":"S-1-5-21-254738255-2385362917-1079920137-1122","ObjectType":"Group"},{"ObjectIdentifier":"S-1-5-21-254738255-2385362917-1079920137-1127","ObjectType":"Group"},{"ObjectIdentifier":"S-1-5-21-254738255-2385362917-1079920137-1117","ObjectType":"Group"},{"ObjectIdentifier":"S-1-5-21-254738255-2385362917-1079920137-1118","ObjectType":"Group"},{"ObjectIdentifier":"S-1-5-21-254738255-2385362917-1079920137-1119","ObjectType":"Group"},{"ObjectIdentifier":"S-1-5-21-254738255-2385362917-1079920137-1123","ObjectType":"Group"},{"ObjectIdentifier":"S-1-5-21-254738255-2385362917-1079920137-1125","ObjectType":"Group"},{"ObjectIdentifier":"S-1-5-21-254738255-2385362917-1079920137-1121","ObjectType":"Group"},{"ObjectIdentifier":"S-1-5-21-254738255-2385362917-1079920137-1120","ObjectType":"Group"}],"Aces":[{"PrincipalSID":"S-1-5-21-254738255-2385362917-1079920137-512","PrincipalType":"Group","RightName":"Owns","IsInherited":false},{"PrincipalSID":"S-1-5-21-254738255-2385362917-1079920137-512","PrincipalType":"Group","RightName":"GenericAll","IsInherited":false},{"PrincipalSID":"S-1-5-21-254738255-2385362917-1079920137-1117","PrincipalType":"Group","RightName":"GenericAll","IsInherited":false},{"PrincipalSID":"S-1-5-21-254738255-2385362917-1079920137-519","PrincipalType":"Group","RightName":"GenericAll","IsInherited":true},{"PrincipalSID":"OCAV.LOCAL-S-1-5-32-544","PrincipalType":"Group","RightName":"WriteDacl","IsInherited":true},{"PrincipalSID":"OCAV.LOCAL-S-1-5-32-544","PrincipalType":"Group","RightName":"WriteOwner","IsInherited":true}],"ObjectIdentifier":"9B9F6753-F727-432E-BE79-BFD69BA9B820","IsDeleted":false,"IsACLProtected":false,"GPOChanges":{"LocalAdmins":[],"RemoteDesktopUsers":[],"DcomUsers":[],"PSRemoteUsers":[],"AffectedComputers":[]},"Properties":{"domain":"OCAV.LOCAL","name":"MICROSOFT EXCHANGE SECURITY GROUPS@OCAV.LOCAL","distinguishedname":"OU=MICROSOFT EXCHANGE SECURITY GROUPS,DC=OCAV,DC=LOCAL","domainsid":"S-1-5-21-254738255-2385362917-1079920137","highvalue":false,"description":null,"whencreated":1359102360,"blocksinheritance":false}},{"Links":[],"ChildObjects":[{"ObjectIdentifier":"S-1-5-21-254738255-2385362917-1079920137-1144","ObjectType":"Group"},{"ObjectIdentifier":"S-1-5-21-254738255-2385362917-1079920137-1309","ObjectType":"Group"},{"ObjectIdentifier":"S-1-5-21-254738255-2385362917-1079920137-1156","ObjectType":"Group"},{"ObjectIdentifier":"S-1-5-21-254738255-2385362917-1079920137-1155","ObjectType":"Group"},{"ObjectIdentifier":"S-1-5-21-254738255-2385362917-1079920137-1324","ObjectType":"Group"},{"ObjectIdentifier":"S-1-5-21-254738255-2385362917-1079920137-1145","ObjectType":"Group"}],"Aces":[{"PrincipalSID":"S-1-5-21-254738255-2385362917-1079920137-512","PrincipalType":"Group","RightName":"Owns","IsInherited":false},{"PrincipalSID":"S-1-5-21-254738255-2385362917-1079920137-512","PrincipalType":"Group","RightName":"GenericAll","IsInherited":false},{"PrincipalSID":"S-1-5-21-254738255-2385362917-1079920137-519","PrincipalType":"Group","RightName":"GenericAll","IsInherited":true},{"PrincipalSID":"OCAV.LOCAL-S-1-5-32-544","PrincipalType":"Group","RightName":"WriteDacl","IsInherited":true},{"PrincipalSID":"OCAV.LOCAL-S-1-5-32-544","PrincipalType":"Group","RightName":"WriteOwner","IsInherited":true}],"ObjectIdentifier":"CD84323C-123E-414C-A076-8FF4B5D4FDF6","IsDeleted":false,"IsACLProtected":false,"GPOChanges":{"LocalAdmins":[],"RemoteDesktopUsers":[],"DcomUsers":[],"PSRemoteUsers":[],"AffectedComputers":[]},"Properties":{"domain":"OCAV.LOCAL","name":"DISTRIBUTION GROUPS@OCAV.LOCAL","distinguishedname":"OU=DISTRIBUTION GROUPS,OU=MYBUSINESS,DC=OCAV,DC=LOCAL","domainsid":"S-1-5-21-254738255-2385362917-1079920137","highvalue":false,"description":"Default organizational unit for distribution groups created with the Add Distribution Group Wizard","whencreated":1359102084,"blocksinheritance":false}},{"Links":[],"ChildObjects":[{"ObjectIdentifier":"EB389F0F-86BC-4F6F-BB9A-8092ABFEFA8E","ObjectType":"OU"}],"Aces":[{"PrincipalSID":"S-1-5-21-254738255-2385362917-1079920137-512","PrincipalType":"Group","RightName":"Owns","IsInherited":false},{"PrincipalSID":"S-1-5-21-254738255-2385362917-1079920137-512","PrincipalType":"Group","RightName":"GenericAll","IsInherited":false},{"PrincipalSID":"S-1-5-21-254738255-2385362917-1079920137-519","PrincipalType":"Group","RightName":"GenericAll","IsInherited":true},{"PrincipalSID":"OCAV.LOCAL-S-1-5-32-544","PrincipalType":"Group","RightName":"WriteDacl","IsInherited":true},{"PrincipalSID":"OCAV.LOCAL-S-1-5-32-544","PrincipalType":"Group","RightName":"WriteOwner","IsInherited":true}],"ObjectIdentifier":"2259AD18-3524-400F-BCB6-2CDC590B8487","IsDeleted":false,"IsACLProtected":false,"GPOChanges":{"LocalAdmins":[],"RemoteDesktopUsers":[],"DcomUsers":[],"PSRemoteUsers":[],"AffectedComputers":[]},"Properties":{"domain":"OCAV.LOCAL","name":"USERS@OCAV.LOCAL","distinguishedname":"OU=USERS,OU=MYBUSINESS,DC=OCAV,DC=LOCAL","domainsid":"S-1-5-21-254738255-2385362917-1079920137","highvalue":false,"description":null,"whencreated":1359102084,"blocksinheritance":false}},{"Links":[{"IsEnforced":true,"GUID":"7AC1195F-363E-45F8-A8AC-11F7801A88E1"}],"ChildObjects":[{"ObjectIdentifier":"S-1-5-21-254738255-2385362917-1079920137-1448","ObjectType":"User"},{"ObjectIdentifier":"S-1-5-21-254738255-2385362917-1079920137-1474","ObjectType":"User"},{"ObjectIdentifier":"S-1-5-21-254738255-2385362917-1079920137-1257","ObjectType":"User"},{"ObjectIdentifier":"S-1-5-21-254738255-2385362917-1079920137-1275","ObjectType":"User"},{"ObjectIdentifier":"S-1-5-21-254738255-2385362917-1079920137-1304","ObjectType":"User"},{"ObjectIdentifier":"S-1-5-21-254738255-2385362917-1079920137-1255","ObjectType":"User"},{"ObjectIdentifier":"S-1-5-21-254738255-2385362917-1079920137-1337","ObjectType":"User"},{"ObjectIdentifier":"S-1-5-21-254738255-2385362917-1079920137-1446","ObjectType":"User"},{"ObjectIdentifier":"S-1-5-21-254738255-2385362917-1079920137-1186","ObjectType":"User"},{"ObjectIdentifier":"S-1-5-21-254738255-2385362917-1079920137-1331","ObjectType":"User"},{"ObjectIdentifier":"S-1-5-21-254738255-2385362917-1079920137-1480","ObjectType":"User"},{"ObjectIdentifier":"S-1-5-21-254738255-2385362917-1079920137-1157","ObjectType":"User"},{"ObjectIdentifier":"S-1-5-21-254738255-2385362917-1079920137-1253","ObjectType":"User"},{"ObjectIdentifier":"S-1-5-21-254738255-2385362917-1079920137-1295","ObjectType":"User"},{"ObjectIdentifier":"S-1-5-21-254738255-2385362917-1079920137-1336","ObjectType":"User"},{"ObjectIdentifier":"S-1-5-21-254738255-2385362917-1079920137-1170","ObjectType":"User"},{"ObjectIdentifier":"S-1-5-21-254738255-2385362917-1079920137-1420","ObjectType":"User"},{"ObjectIdentifier":"S-1-5-21-254738255-2385362917-1079920137-1172","ObjectType":"User"},{"ObjectIdentifier":"S-1-5-21-254738255-2385362917-1079920137-1271","ObjectType":"User"},{"ObjectIdentifier":"S-1-5-21-254738255-2385362917-1079920137-1173","ObjectType":"User"},{"ObjectIdentifier":"S-1-5-21-254738255-2385362917-1079920137-1174","ObjectType":"User"},{"ObjectIdentifier":"S-1-5-21-254738255-2385362917-1079920137-1175","ObjectType":"User"},{"ObjectIdentifier":"S-1-5-21-254738255-2385362917-1079920137-1454","ObjectType":"User"},{"ObjectIdentifier":"S-1-5-21-254738255-2385362917-1079920137-1428","ObjectType":"User"},{"ObjectIdentifier":"S-1-5-21-254738255-2385362917-1079920137-1176","ObjectType":"User"},{"ObjectIdentifier":"S-1-5-21-254738255-2385362917-1079920137-1256","ObjectType":"User"},{"ObjectIdentifier":"S-1-5-21-254738255-2385362917-1079920137-1422","ObjectType":"User"},{"ObjectIdentifier":"S-1-5-21-254738255-2385362917-1079920137-1371","ObjectType":"User"},{"ObjectIdentifier":"S-1-5-21-254738255-2385362917-1079920137-1354","ObjectType":"User"},{"ObjectIdentifier":"S-1-5-21-254738255-2385362917-1079920137-1484","ObjectType":"User"},{"ObjectIdentifier":"S-1-5-21-254738255-2385362917-1079920137-1282","ObjectType":"User"},{"ObjectIdentifier":"S-1-5-21-254738255-2385362917-1079920137-1307","ObjectType":"User"},{"ObjectIdentifier":"S-1-5-21-254738255-2385362917-1079920137-1400","ObjectType":"User"},{"ObjectIdentifier":"S-1-5-21-254738255-2385362917-1079920137-1414","ObjectType":"User"},{"ObjectIdentifier":"S-1-5-21-254738255-2385362917-1079920137-1483","ObjectType":"User"},{"ObjectIdentifier":"S-1-5-21-254738255-2385362917-1079920137-1459","ObjectType":"User"},{"ObjectIdentifier":"S-1-5-21-254738255-2385362917-1079920137-1470","ObjectType":"User"},{"ObjectIdentifier":"S-1-5-21-254738255-2385362917-1079920137-1202","ObjectType":"User"},{"ObjectIdentifier":"S-1-5-21-254738255-2385362917-1079920137-1178","ObjectType":"User"},{"ObjectIdentifier":"S-1-5-21-254738255-2385362917-1079920137-1491","ObjectType":"User"},{"ObjectIdentifier":"S-1-5-21-254738255-2385362917-1079920137-1456","ObjectType":"User"},{"ObjectIdentifier":"S-1-5-21-254738255-2385362917-1079920137-1395","ObjectType":"User"},{"ObjectIdentifier":"S-1-5-21-254738255-2385362917-1079920137-1286","ObjectType":"User"},{"ObjectIdentifier":"S-1-5-21-254738255-2385362917-1079920137-1303","ObjectType":"User"},{"ObjectIdentifier":"S-1-5-21-254738255-2385362917-1079920137-1180","ObjectType":"User"},{"ObjectIdentifier":"S-1-5-21-254738255-2385362917-1079920137-1183","ObjectType":"User"},{"ObjectIdentifier":"S-1-5-21-254738255-2385362917-1079920137-1463","ObjectType":"User"},{"ObjectIdentifier":"S-1-5-21-254738255-2385362917-1079920137-1467","ObjectType":"User"},{"ObjectIdentifier":"S-1-5-21-254738255-2385362917-1079920137-1184","ObjectType":"User"},{"ObjectIdentifier":"S-1-5-21-254738255-2385362917-1079920137-1374","ObjectType":"User"},{"ObjectIdentifier":"S-1-5-21-254738255-2385362917-1079920137-1204","ObjectType":"User"},{"ObjectIdentifier":"S-1-5-21-254738255-2385362917-1079920137-1208","ObjectType":"User"},{"ObjectIdentifier":"S-1-5-21-254738255-2385362917-1079920137-1338","ObjectType":"User"},{"ObjectIdentifier":"S-1-5-21-254738255-2385362917-1079920137-1321","ObjectType":"User"},{"ObjectIdentifier":"S-1-5-21-254738255-2385362917-1079920137-1334","ObjectType":"User"},{"ObjectIdentifier":"S-1-5-21-254738255-2385362917-1079920137-1317","ObjectType":"User"},{"ObjectIdentifier":"S-1-5-21-254738255-2385362917-1079920137-1185","ObjectType":"User"},{"ObjectIdentifier":"S-1-5-21-254738255-2385362917-1079920137-1464","ObjectType":"User"},{"ObjectIdentifier":"S-1-5-21-254738255-2385362917-1079920137-1187","ObjectType":"User"},{"ObjectIdentifier":"S-1-5-21-254738255-2385362917-1079920137-1188","ObjectType":"User"},{"ObjectIdentifier":"S-1-5-21-254738255-2385362917-1079920137-1189","ObjectType":"User"},{"ObjectIdentifier":"S-1-5-21-254738255-2385362917-1079920137-1318","ObjectType":"User"},{"ObjectIdentifier":"S-1-5-21-254738255-2385362917-1079920137-1316","ObjectType":"User"},{"ObjectIdentifier":"S-1-5-21-254738255-2385362917-1079920137-1315","ObjectType":"User"},{"ObjectIdentifier":"S-1-5-21-254738255-2385362917-1079920137-1190","ObjectType":"User"},{"ObjectIdentifier":"S-1-5-21-254738255-2385362917-1079920137-1342","ObjectType":"User"},{"ObjectIdentifier":"S-1-5-21-254738255-2385362917-1079920137-1287","ObjectType":"User"},{"ObjectIdentifier":"S-1-5-21-254738255-2385362917-1079920137-1290","ObjectType":"User"},{"ObjectIdentifier":"S-1-5-21-254738255-2385362917-1079920137-1288","ObjectType":"User"},{"ObjectIdentifier":"S-1-5-21-254738255-2385362917-1079920137-1289","ObjectType":"User"},{"ObjectIdentifier":"S-1-5-21-254738255-2385362917-1079920137-1277","ObjectType":"User"},{"ObjectIdentifier":"S-1-5-21-254738255-2385362917-1079920137-1195","ObjectType":"User"},{"ObjectIdentifier":"S-1-5-21-254738255-2385362917-1079920137-1177","ObjectType":"User"},{"ObjectIdentifier":"S-1-5-21-254738255-2385362917-1079920137-1431","ObjectType":"User"},{"ObjectIdentifier":"S-1-5-21-254738255-2385362917-1079920137-1281","ObjectType":"User"},{"ObjectIdentifier":"S-1-5-21-254738255-2385362917-1079920137-1312","ObjectType":"User"},{"ObjectIdentifier":"S-1-5-21-254738255-2385362917-1079920137-1313","ObjectType":"User"},{"ObjectIdentifier":"S-1-5-21-254738255-2385362917-1079920137-1311","ObjectType":"User"},{"ObjectIdentifier":"S-1-5-21-254738255-2385362917-1079920137-1327","ObjectType":"User"},{"ObjectIdentifier":"S-1-5-21-254738255-2385362917-1079920137-1399","ObjectType":"User"},{"ObjectIdentifier":"S-1-5-21-254738255-2385362917-1079920137-1418","ObjectType":"User"},{"ObjectIdentifier":"S-1-5-21-254738255-2385362917-1079920137-1153","ObjectType":"User"},{"ObjectIdentifier":"S-1-5-21-254738255-2385362917-1079920137-1333","ObjectType":"User"},{"ObjectIdentifier":"S-1-5-21-254738255-2385362917-1079920137-1196","ObjectType":"User"},{"ObjectIdentifier":"S-1-5-21-254738255-2385362917-1079920137-1198","ObjectType":"User"},{"ObjectIdentifier":"S-1-5-21-254738255-2385362917-1079920137-1197","ObjectType":"User"},{"ObjectIdentifier":"S-1-5-21-254738255-2385362917-1079920137-1200","ObjectType":"User"},{"ObjectIdentifier":"S-1-5-21-254738255-2385362917-1079920137-1415","ObjectType":"User"},{"ObjectIdentifier":"S-1-5-21-254738255-2385362917-1079920137-1201","ObjectType":"User"},{"ObjectIdentifier":"S-1-5-21-254738255-2385362917-1079920137-1203","ObjectType":"User"},{"ObjectIdentifier":"S-1-5-21-254738255-2385362917-1079920137-1375","ObjectType":"User"},{"ObjectIdentifier":"S-1-5-21-254738255-2385362917-1079920137-1335","ObjectType":"User"},{"ObjectIdentifier":"S-1-5-21-254738255-2385362917-1079920137-1325","ObjectType":"User"},{"ObjectIdentifier":"S-1-5-21-254738255-2385362917-1079920137-1329","ObjectType":"User"},{"ObjectIdentifier":"S-1-5-21-254738255-2385362917-1079920137-1427","ObjectType":"User"},{"ObjectIdentifier":"S-1-5-21-254738255-2385362917-1079920137-1164","ObjectType":"User"},{"ObjectIdentifier":"S-1-5-21-254738255-2385362917-1079920137-1205","ObjectType":"User"},{"ObjectIdentifier":"S-1-5-21-254738255-2385362917-1079920137-1158","ObjectType":"User"},{"ObjectIdentifier":"S-1-5-21-254738255-2385362917-1079920137-1162","ObjectType":"User"},{"ObjectIdentifier":"S-1-5-21-254738255-2385362917-1079920137-1323","ObjectType":"User"},{"ObjectIdentifier":"S-1-5-21-254738255-2385362917-1079920137-1206","ObjectType":"User"},{"ObjectIdentifier":"S-1-5-21-254738255-2385362917-1079920137-1455","ObjectType":"User"},{"ObjectIdentifier":"S-1-5-21-254738255-2385362917-1079920137-1432","ObjectType":"User"},{"ObjectIdentifier":"S-1-5-21-254738255-2385362917-1079920137-1212","ObjectType":"Group"},{"ObjectIdentifier":"S-1-5-21-254738255-2385362917-1079920137-1213","ObjectType":"Group"},{"ObjectIdentifier":"S-1-5-21-254738255-2385362917-1079920137-1239","ObjectType":"Group"},{"ObjectIdentifier":"S-1-5-21-254738255-2385362917-1079920137-1152","ObjectType":"User"},{"ObjectIdentifier":"S-1-5-21-254738255-2385362917-1079920137-1154","ObjectType":"User"},{"ObjectIdentifier":"S-1-5-21-254738255-2385362917-1079920137-1207","ObjectType":"User"},{"ObjectIdentifier":"S-1-5-21-254738255-2385362917-1079920137-1412","ObjectType":"User"},{"ObjectIdentifier":"S-1-5-21-254738255-2385362917-1079920137-1291","ObjectType":"User"},{"ObjectIdentifier":"S-1-5-21-254738255-2385362917-1079920137-1314","ObjectType":"User"},{"ObjectIdentifier":"S-1-5-21-254738255-2385362917-1079920137-1486","ObjectType":"User"},{"ObjectIdentifier":"S-1-5-21-254738255-2385362917-1079920137-1163","ObjectType":"User"},{"ObjectIdentifier":"S-1-5-21-254738255-2385362917-1079920137-1476","ObjectType":"User"}],"Aces":[{"PrincipalSID":"S-1-5-21-254738255-2385362917-1079920137-512","PrincipalType":"Group","RightName":"Owns","IsInherited":false},{"PrincipalSID":"S-1-5-21-254738255-2385362917-1079920137-512","PrincipalType":"Group","RightName":"GenericAll","IsInherited":false},{"PrincipalSID":"S-1-5-21-254738255-2385362917-1079920137-519","PrincipalType":"Group","RightName":"GenericAll","IsInherited":true},{"PrincipalSID":"OCAV.LOCAL-S-1-5-32-544","PrincipalType":"Group","RightName":"WriteDacl","IsInherited":true},{"PrincipalSID":"OCAV.LOCAL-S-1-5-32-544","PrincipalType":"Group","RightName":"WriteOwner","IsInherited":true}],"ObjectIdentifier":"EB389F0F-86BC-4F6F-BB9A-8092ABFEFA8E","IsDeleted":false,"IsACLProtected":false,"GPOChanges":{"LocalAdmins":[],"RemoteDesktopUsers":[],"DcomUsers":[],"PSRemoteUsers":[],"AffectedComputers":[]},"Properties":{"domain":"OCAV.LOCAL","name":"SBSUSERS@OCAV.LOCAL","distinguishedname":"OU=SBSUSERS,OU=USERS,OU=MYBUSINESS,DC=OCAV,DC=LOCAL","domainsid":"S-1-5-21-254738255-2385362917-1079920137","highvalue":false,"description":"Default organizational unit for user accounts created with the Add New User Account wizard","whencreated":1359102084,"blocksinheritance":false}},{"Links":[{"IsEnforced":false,"GUID":"0DCD6903-7B9E-4318-9B8A-C87DF81E5B09"}],"ChildObjects":[{"ObjectIdentifier":"S-1-5-21-254738255-2385362917-1079920137-1014","ObjectType":"Computer"}],"Aces":[{"PrincipalSID":"S-1-5-21-254738255-2385362917-1079920137-512","PrincipalType":"Group","RightName":"Owns","IsInherited":false},{"PrincipalSID":"S-1-5-21-254738255-2385362917-1079920137-512","PrincipalType":"Group","RightName":"WriteDacl","IsInherited":false},{"PrincipalSID":"S-1-5-21-254738255-2385362917-1079920137-512","PrincipalType":"Group","RightName":"WriteOwner","IsInherited":false},{"PrincipalSID":"S-1-5-21-254738255-2385362917-1079920137-519","PrincipalType":"Group","RightName":"GenericAll","IsInherited":true},{"PrincipalSID":"OCAV.LOCAL-S-1-5-32-544","PrincipalType":"Group","RightName":"WriteDacl","IsInherited":true},{"PrincipalSID":"OCAV.LOCAL-S-1-5-32-544","PrincipalType":"Group","RightName":"WriteOwner","IsInherited":true}],"ObjectIdentifier":"732A42A8-463C-4E98-A7ED-58B98FFC3F0A","IsDeleted":false,"IsACLProtected":false,"GPOChanges":{"LocalAdmins":[],"RemoteDesktopUsers":[],"DcomUsers":[],"PSRemoteUsers":[],"AffectedComputers":[{"ObjectIdentifier":"S-1-5-21-254738255-2385362917-1079920137-1014","ObjectType":"Computer"}]},"Properties":{"domain":"OCAV.LOCAL","name":"DOMAIN CONTROLLERS@OCAV.LOCAL","distinguishedname":"OU=DOMAIN CONTROLLERS,DC=OCAV,DC=LOCAL","domainsid":"S-1-5-21-254738255-2385362917-1079920137","highvalue":false,"description":"Default container for domain controllers","whencreated":1359100929,"blocksinheritance":false}},{"Links":[{"IsEnforced":true,"GUID":"DC0D3DDB-0435-414E-9EA3-FC5A6BB5D952"},{"IsEnforced":true,"GUID":"FA6BE7D3-00DA-49F2-82C5-3D5CB9F17E9D"},{"IsEnforced":true,"GUID":"AF823220-05A7-45A3-8233-09839CA9560B"},{"IsEnforced":true,"GUID":"EE0BAC0A-9C6F-4E82-936C-E6FB60107CC2"}],"ChildObjects":[{"ObjectIdentifier":"S-1-5-21-254738255-2385362917-1079920137-1267","ObjectType":"Computer"},{"ObjectIdentifier":"S-1-5-21-254738255-2385362917-1079920137-1293","ObjectType":"Computer"},{"ObjectIdentifier":"S-1-5-21-254738255-2385362917-1079920137-1269","ObjectType":"Computer"},{"ObjectIdentifier":"S-1-5-21-254738255-2385362917-1079920137-1447","ObjectType":"Computer"},{"ObjectIdentifier":"S-1-5-21-254738255-2385362917-1079920137-1351","ObjectType":"Computer"},{"ObjectIdentifier":"S-1-5-21-254738255-2385362917-1079920137-1263","ObjectType":"Computer"},{"ObjectIdentifier":"S-1-5-21-254738255-2385362917-1079920137-1224","ObjectType":"Computer"},{"ObjectIdentifier":"S-1-5-21-254738255-2385362917-1079920137-1227","ObjectType":"Computer"},{"ObjectIdentifier":"S-1-5-21-254738255-2385362917-1079920137-1366","ObjectType":"Computer"},{"ObjectIdentifier":"S-1-5-21-254738255-2385362917-1079920137-1460","ObjectType":"Computer"},{"ObjectIdentifier":"S-1-5-21-254738255-2385362917-1079920137-1466","ObjectType":"Computer"},{"ObjectIdentifier":"S-1-5-21-254738255-2385362917-1079920137-1220","ObjectType":"Computer"},{"ObjectIdentifier":"S-1-5-21-254738255-2385362917-1079920137-1377","ObjectType":"Computer"},{"ObjectIdentifier":"S-1-5-21-254738255-2385362917-1079920137-1435","ObjectType":"Computer"},{"ObjectIdentifier":"S-1-5-21-254738255-2385362917-1079920137-1233","ObjectType":"Computer"},{"ObjectIdentifier":"S-1-5-21-254738255-2385362917-1079920137-1376","ObjectType":"Computer"},{"ObjectIdentifier":"S-1-5-21-254738255-2385362917-1079920137-1261","ObjectType":"Computer"},{"ObjectIdentifier":"S-1-5-21-254738255-2385362917-1079920137-1344","ObjectType":"Computer"},{"ObjectIdentifier":"S-1-5-21-254738255-2385362917-1079920137-1346","ObjectType":"Computer"},{"ObjectIdentifier":"S-1-5-21-254738255-2385362917-1079920137-1356","ObjectType":"Computer"},{"ObjectIdentifier":"S-1-5-21-254738255-2385362917-1079920137-1341","ObjectType":"Computer"},{"ObjectIdentifier":"S-1-5-21-254738255-2385362917-1079920137-1268","ObjectType":"Computer"},{"ObjectIdentifier":"S-1-5-21-254738255-2385362917-1079920137-1379","ObjectType":"Computer"},{"ObjectIdentifier":"S-1-5-21-254738255-2385362917-1079920137-1258","ObjectType":"Computer"},{"ObjectIdentifier":"S-1-5-21-254738255-2385362917-1079920137-1461","ObjectType":"Computer"},{"ObjectIdentifier":"S-1-5-21-254738255-2385362917-1079920137-1408","ObjectType":"Computer"},{"ObjectIdentifier":"S-1-5-21-254738255-2385362917-1079920137-1247","ObjectType":"Computer"},{"ObjectIdentifier":"S-1-5-21-254738255-2385362917-1079920137-1249","ObjectType":"Computer"},{"ObjectIdentifier":"S-1-5-21-254738255-2385362917-1079920137-1343","ObjectType":"Computer"},{"ObjectIdentifier":"S-1-5-21-254738255-2385362917-1079920137-1348","ObjectType":"Computer"},{"ObjectIdentifier":"S-1-5-21-254738255-2385362917-1079920137-1389","ObjectType":"Computer"},{"ObjectIdentifier":"S-1-5-21-254738255-2385362917-1079920137-1390","ObjectType":"Computer"},{"ObjectIdentifier":"S-1-5-21-254738255-2385362917-1079920137-1392","ObjectType":"Computer"},{"ObjectIdentifier":"S-1-5-21-254738255-2385362917-1079920137-1391","ObjectType":"Computer"},{"ObjectIdentifier":"S-1-5-21-254738255-2385362917-1079920137-1490","ObjectType":"Computer"},{"ObjectIdentifier":"S-1-5-21-254738255-2385362917-1079920137-1280","ObjectType":"Computer"},{"ObjectIdentifier":"S-1-5-21-254738255-2385362917-1079920137-1417","ObjectType":"Computer"},{"ObjectIdentifier":"S-1-5-21-254738255-2385362917-1079920137-1235","ObjectType":"Computer"},{"ObjectIdentifier":"S-1-5-21-254738255-2385362917-1079920137-1339","ObjectType":"Computer"},{"ObjectIdentifier":"S-1-5-21-254738255-2385362917-1079920137-1407","ObjectType":"Computer"},{"ObjectIdentifier":"S-1-5-21-254738255-2385362917-1079920137-1359","ObjectType":"Computer"},{"ObjectIdentifier":"S-1-5-21-254738255-2385362917-1079920137-1320","ObjectType":"Computer"},{"ObjectIdentifier":"S-1-5-21-254738255-2385362917-1079920137-1386","ObjectType":"Computer"},{"ObjectIdentifier":"S-1-5-21-254738255-2385362917-1079920137-1382","ObjectType":"Computer"},{"ObjectIdentifier":"S-1-5-21-254738255-2385362917-1079920137-1413","ObjectType":"Computer"},{"ObjectIdentifier":"S-1-5-21-254738255-2385362917-1079920137-1397","ObjectType":"Computer"},{"ObjectIdentifier":"S-1-5-21-254738255-2385362917-1079920137-1347","ObjectType":"Computer"},{"ObjectIdentifier":"S-1-5-21-254738255-2385362917-1079920137-1396","ObjectType":"Computer"},{"ObjectIdentifier":"S-1-5-21-254738255-2385362917-1079920137-1365","ObjectType":"Computer"},{"ObjectIdentifier":"S-1-5-21-254738255-2385362917-1079920137-1364","ObjectType":"Computer"},{"ObjectIdentifier":"S-1-5-21-254738255-2385362917-1079920137-1384","ObjectType":"Computer"},{"ObjectIdentifier":"S-1-5-21-254738255-2385362917-1079920137-1434","ObjectType":"Computer"},{"ObjectIdentifier":"S-1-5-21-254738255-2385362917-1079920137-1385","ObjectType":"Computer"},{"ObjectIdentifier":"S-1-5-21-254738255-2385362917-1079920137-1425","ObjectType":"Computer"},{"ObjectIdentifier":"S-1-5-21-254738255-2385362917-1079920137-1416","ObjectType":"Computer"},{"ObjectIdentifier":"S-1-5-21-254738255-2385362917-1079920137-1383","ObjectType":"Computer"},{"ObjectIdentifier":"S-1-5-21-254738255-2385362917-1079920137-1409","ObjectType":"Computer"},{"ObjectIdentifier":"S-1-5-21-254738255-2385362917-1079920137-1358","ObjectType":"Computer"},{"ObjectIdentifier":"S-1-5-21-254738255-2385362917-1079920137-1421","ObjectType":"Computer"},{"ObjectIdentifier":"S-1-5-21-254738255-2385362917-1079920137-1378","ObjectType":"Computer"},{"ObjectIdentifier":"S-1-5-21-254738255-2385362917-1079920137-1381","ObjectType":"Computer"},{"ObjectIdentifier":"S-1-5-21-254738255-2385362917-1079920137-1487","ObjectType":"Computer"},{"ObjectIdentifier":"S-1-5-21-254738255-2385362917-1079920137-1273","ObjectType":"Computer"},{"ObjectIdentifier":"S-1-5-21-254738255-2385362917-1079920137-1322","ObjectType":"Computer"},{"ObjectIdentifier":"S-1-5-21-254738255-2385362917-1079920137-1215","ObjectType":"Computer"},{"ObjectIdentifier":"S-1-5-21-254738255-2385362917-1079920137-1301","ObjectType":"Computer"},{"ObjectIdentifier":"S-1-5-21-254738255-2385362917-1079920137-1402","ObjectType":"Computer"},{"ObjectIdentifier":"S-1-5-21-254738255-2385362917-1079920137-1429","ObjectType":"Computer"},{"ObjectIdentifier":"S-1-5-21-254738255-2385362917-1079920137-1465","ObjectType":"Computer"},{"ObjectIdentifier":"S-1-5-21-254738255-2385362917-1079920137-1453","ObjectType":"Computer"},{"ObjectIdentifier":"S-1-5-21-254738255-2385362917-1079920137-1457","ObjectType":"Computer"},{"ObjectIdentifier":"S-1-5-21-254738255-2385362917-1079920137-1423","ObjectType":"Computer"},{"ObjectIdentifier":"S-1-5-21-254738255-2385362917-1079920137-1332","ObjectType":"Computer"},{"ObjectIdentifier":"S-1-5-21-254738255-2385362917-1079920137-1477","ObjectType":"Computer"},{"ObjectIdentifier":"S-1-5-21-254738255-2385362917-1079920137-1345","ObjectType":"Computer"},{"ObjectIdentifier":"S-1-5-21-254738255-2385362917-1079920137-1326","ObjectType":"Computer"},{"ObjectIdentifier":"S-1-5-21-254738255-2385362917-1079920137-1479","ObjectType":"Computer"},{"ObjectIdentifier":"S-1-5-21-254738255-2385362917-1079920137-1272","ObjectType":"Computer"},{"ObjectIdentifier":"S-1-5-21-254738255-2385362917-1079920137-1241","ObjectType":"Computer"},{"ObjectIdentifier":"S-1-5-21-254738255-2385362917-1079920137-1473","ObjectType":"Computer"},{"ObjectIdentifier":"S-1-5-21-254738255-2385362917-1079920137-1471","ObjectType":"Computer"},{"ObjectIdentifier":"S-1-5-21-254738255-2385362917-1079920137-1472","ObjectType":"Computer"},{"ObjectIdentifier":"S-1-5-21-254738255-2385362917-1079920137-1492","ObjectType":"Computer"},{"ObjectIdentifier":"S-1-5-21-254738255-2385362917-1079920137-1238","ObjectType":"Computer"},{"ObjectIdentifier":"S-1-5-21-254738255-2385362917-1079920137-1433","ObjectType":"Computer"},{"ObjectIdentifier":"S-1-5-21-254738255-2385362917-1079920137-1340","ObjectType":"Computer"},{"ObjectIdentifier":"S-1-5-21-254738255-2385362917-1079920137-1426","ObjectType":"Computer"},{"ObjectIdentifier":"S-1-5-21-254738255-2385362917-1079920137-1279","ObjectType":"Computer"},{"ObjectIdentifier":"S-1-5-21-254738255-2385362917-1079920137-1278","ObjectType":"Computer"},{"ObjectIdentifier":"S-1-5-21-254738255-2385362917-1079920137-1404","ObjectType":"Computer"},{"ObjectIdentifier":"S-1-5-21-254738255-2385362917-1079920137-1264","ObjectType":"Computer"},{"ObjectIdentifier":"S-1-5-21-254738255-2385362917-1079920137-1362","ObjectType":"Computer"},{"ObjectIdentifier":"S-1-5-21-254738255-2385362917-1079920137-1360","ObjectType":"Computer"},{"ObjectIdentifier":"S-1-5-21-254738255-2385362917-1079920137-1361","ObjectType":"Computer"},{"ObjectIdentifier":"S-1-5-21-254738255-2385362917-1079920137-1363","ObjectType":"Computer"},{"ObjectIdentifier":"S-1-5-21-254738255-2385362917-1079920137-1245","ObjectType":"Computer"},{"ObjectIdentifier":"S-1-5-21-254738255-2385362917-1079920137-1475","ObjectType":"Computer"},{"ObjectIdentifier":"S-1-5-21-254738255-2385362917-1079920137-1223","ObjectType":"Computer"},{"ObjectIdentifier":"S-1-5-21-254738255-2385362917-1079920137-1485","ObjectType":"Computer"},{"ObjectIdentifier":"S-1-5-21-254738255-2385362917-1079920137-1419","ObjectType":"Computer"},{"ObjectIdentifier":"S-1-5-21-254738255-2385362917-1079920137-1260","ObjectType":"Computer"},{"ObjectIdentifier":"S-1-5-21-254738255-2385362917-1079920137-1405","ObjectType":"Computer"},{"ObjectIdentifier":"S-1-5-21-254738255-2385362917-1079920137-1350","ObjectType":"Computer"},{"ObjectIdentifier":"S-1-5-21-254738255-2385362917-1079920137-1372","ObjectType":"Computer"},{"ObjectIdentifier":"S-1-5-21-254738255-2385362917-1079920137-1403","ObjectType":"Computer"},{"ObjectIdentifier":"S-1-5-21-254738255-2385362917-1079920137-1369","ObjectType":"Computer"},{"ObjectIdentifier":"S-1-5-21-254738255-2385362917-1079920137-1370","ObjectType":"Computer"},{"ObjectIdentifier":"S-1-5-21-254738255-2385362917-1079920137-1367","ObjectType":"Computer"},{"ObjectIdentifier":"S-1-5-21-254738255-2385362917-1079920137-1368","ObjectType":"Computer"},{"ObjectIdentifier":"S-1-5-21-254738255-2385362917-1079920137-1265","ObjectType":"Computer"},{"ObjectIdentifier":"S-1-5-21-254738255-2385362917-1079920137-1216","ObjectType":"Computer"},{"ObjectIdentifier":"S-1-5-21-254738255-2385362917-1079920137-1218","ObjectType":"Computer"},{"ObjectIdentifier":"S-1-5-21-254738255-2385362917-1079920137-1219","ObjectType":"Computer"},{"ObjectIdentifier":"S-1-5-21-254738255-2385362917-1079920137-1353","ObjectType":"Computer"},{"ObjectIdentifier":"S-1-5-21-254738255-2385362917-1079920137-1242","ObjectType":"Computer"},{"ObjectIdentifier":"S-1-5-21-254738255-2385362917-1079920137-1302","ObjectType":"Computer"},{"ObjectIdentifier":"S-1-5-21-254738255-2385362917-1079920137-1300","ObjectType":"Computer"},{"ObjectIdentifier":"S-1-5-21-254738255-2385362917-1079920137-1452","ObjectType":"Computer"},{"ObjectIdentifier":"S-1-5-21-254738255-2385362917-1079920137-1292","ObjectType":"Computer"},{"ObjectIdentifier":"S-1-5-21-254738255-2385362917-1079920137-1222","ObjectType":"Computer"},{"ObjectIdentifier":"S-1-5-21-254738255-2385362917-1079920137-1349","ObjectType":"Computer"},{"ObjectIdentifier":"S-1-5-21-254738255-2385362917-1079920137-1221","ObjectType":"Computer"},{"ObjectIdentifier":"S-1-5-21-254738255-2385362917-1079920137-1294","ObjectType":"Computer"},{"ObjectIdentifier":"S-1-5-21-254738255-2385362917-1079920137-1478","ObjectType":"Computer"},{"ObjectIdentifier":"S-1-5-21-254738255-2385362917-1079920137-1328","ObjectType":"Computer"},{"ObjectIdentifier":"S-1-5-21-254738255-2385362917-1079920137-1231","ObjectType":"Computer"},{"ObjectIdentifier":"S-1-5-21-254738255-2385362917-1079920137-1232","ObjectType":"Computer"},{"ObjectIdentifier":"S-1-5-21-254738255-2385362917-1079920137-1352","ObjectType":"Computer"},{"ObjectIdentifier":"S-1-5-21-254738255-2385362917-1079920137-1226","ObjectType":"Computer"},{"ObjectIdentifier":"S-1-5-21-254738255-2385362917-1079920137-1243","ObjectType":"Computer"},{"ObjectIdentifier":"S-1-5-21-254738255-2385362917-1079920137-1234","ObjectType":"Computer"},{"ObjectIdentifier":"S-1-5-21-254738255-2385362917-1079920137-1240","ObjectType":"Computer"},{"ObjectIdentifier":"S-1-5-21-254738255-2385362917-1079920137-1355","ObjectType":"Computer"},{"ObjectIdentifier":"S-1-5-21-254738255-2385362917-1079920137-1357","ObjectType":"Computer"},{"ObjectIdentifier":"S-1-5-21-254738255-2385362917-1079920137-1406","ObjectType":"Computer"},{"ObjectIdentifier":"S-1-5-21-254738255-2385362917-1079920137-1451","ObjectType":"Computer"},{"ObjectIdentifier":"S-1-5-21-254738255-2385362917-1079920137-1246","ObjectType":"Computer"},{"ObjectIdentifier":"S-1-5-21-254738255-2385362917-1079920137-1228","ObjectType":"Computer"},{"ObjectIdentifier":"S-1-5-21-254738255-2385362917-1079920137-1450","ObjectType":"Computer"},{"ObjectIdentifier":"S-1-5-21-254738255-2385362917-1079920137-1449","ObjectType":"Computer"},{"ObjectIdentifier":"S-1-5-21-254738255-2385362917-1079920137-1244","ObjectType":"Computer"},{"ObjectIdentifier":"S-1-5-21-254738255-2385362917-1079920137-1444","ObjectType":"Computer"},{"ObjectIdentifier":"S-1-5-21-254738255-2385362917-1079920137-1462","ObjectType":"Computer"},{"ObjectIdentifier":"S-1-5-21-254738255-2385362917-1079920137-1437","ObjectType":"Computer"},{"ObjectIdentifier":"S-1-5-21-254738255-2385362917-1079920137-1436","ObjectType":"Computer"},{"ObjectIdentifier":"S-1-5-21-254738255-2385362917-1079920137-1262","ObjectType":"Computer"},{"ObjectIdentifier":"S-1-5-21-254738255-2385362917-1079920137-1380","ObjectType":"Computer"}],"Aces":[{"PrincipalSID":"S-1-5-21-254738255-2385362917-1079920137-512","PrincipalType":"Group","RightName":"Owns","IsInherited":false},{"PrincipalSID":"S-1-5-21-254738255-2385362917-1079920137-512","PrincipalType":"Group","RightName":"GenericAll","IsInherited":false},{"PrincipalSID":"S-1-5-21-254738255-2385362917-1079920137-519","PrincipalType":"Group","RightName":"GenericAll","IsInherited":true},{"PrincipalSID":"OCAV.LOCAL-S-1-5-32-544","PrincipalType":"Group","RightName":"WriteDacl","IsInherited":true},{"PrincipalSID":"OCAV.LOCAL-S-1-5-32-544","PrincipalType":"Group","RightName":"WriteOwner","IsInherited":true}],"ObjectIdentifier":"CDD888D8-2C92-4131-A282-4D3AAD68F87C","IsDeleted":false,"IsACLProtected":false,"GPOChanges":{"LocalAdmins":[],"RemoteDesktopUsers":[],"DcomUsers":[],"PSRemoteUsers":[],"AffectedComputers":[{"ObjectIdentifier":"S-1-5-21-254738255-2385362917-1079920137-1215","ObjectType":"Computer"},{"ObjectIdentifier":"S-1-5-21-254738255-2385362917-1079920137-1216","ObjectType":"Computer"},{"ObjectIdentifier":"S-1-5-21-254738255-2385362917-1079920137-1218","ObjectType":"Computer"},{"ObjectIdentifier":"S-1-5-21-254738255-2385362917-1079920137-1219","ObjectType":"Computer"},{"ObjectIdentifier":"S-1-5-21-254738255-2385362917-1079920137-1220","ObjectType":"Computer"},{"ObjectIdentifier":"S-1-5-21-254738255-2385362917-1079920137-1221","ObjectType":"Computer"},{"ObjectIdentifier":"S-1-5-21-254738255-2385362917-1079920137-1222","ObjectType":"Computer"},{"ObjectIdentifier":"S-1-5-21-254738255-2385362917-1079920137-1223","ObjectType":"Computer"},{"ObjectIdentifier":"S-1-5-21-254738255-2385362917-1079920137-1224","ObjectType":"Computer"},{"ObjectIdentifier":"S-1-5-21-254738255-2385362917-1079920137-1226","ObjectType":"Computer"},{"ObjectIdentifier":"S-1-5-21-254738255-2385362917-1079920137-1227","ObjectType":"Computer"},{"ObjectIdentifier":"S-1-5-21-254738255-2385362917-1079920137-1228","ObjectType":"Computer"},{"ObjectIdentifier":"S-1-5-21-254738255-2385362917-1079920137-1231","ObjectType":"Computer"},{"ObjectIdentifier":"S-1-5-21-254738255-2385362917-1079920137-1232","ObjectType":"Computer"},{"ObjectIdentifier":"S-1-5-21-254738255-2385362917-1079920137-1233","ObjectType":"Computer"},{"ObjectIdentifier":"S-1-5-21-254738255-2385362917-1079920137-1234","ObjectType":"Computer"},{"ObjectIdentifier":"S-1-5-21-254738255-2385362917-1079920137-1235","ObjectType":"Computer"},{"ObjectIdentifier":"S-1-5-21-254738255-2385362917-1079920137-1238","ObjectType":"Computer"},{"ObjectIdentifier":"S-1-5-21-254738255-2385362917-1079920137-1240","ObjectType":"Computer"},{"ObjectIdentifier":"S-1-5-21-254738255-2385362917-1079920137-1241","ObjectType":"Computer"},{"ObjectIdentifier":"S-1-5-21-254738255-2385362917-1079920137-1242","ObjectType":"Computer"},{"ObjectIdentifier":"S-1-5-21-254738255-2385362917-1079920137-1243","ObjectType":"Computer"},{"ObjectIdentifier":"S-1-5-21-254738255-2385362917-1079920137-1244","ObjectType":"Computer"},{"ObjectIdentifier":"S-1-5-21-254738255-2385362917-1079920137-1245","ObjectType":"Computer"},{"ObjectIdentifier":"S-1-5-21-254738255-2385362917-1079920137-1246","ObjectType":"Computer"},{"ObjectIdentifier":"S-1-5-21-254738255-2385362917-1079920137-1247","ObjectType":"Computer"},{"ObjectIdentifier":"S-1-5-21-254738255-2385362917-1079920137-1249","ObjectType":"Computer"},{"ObjectIdentifier":"S-1-5-21-254738255-2385362917-1079920137-1258","ObjectType":"Computer"},{"ObjectIdentifier":"S-1-5-21-254738255-2385362917-1079920137-1260","ObjectType":"Computer"},{"ObjectIdentifier":"S-1-5-21-254738255-2385362917-1079920137-1261","ObjectType":"Computer"},{"ObjectIdentifier":"S-1-5-21-254738255-2385362917-1079920137-1262","ObjectType":"Computer"},{"ObjectIdentifier":"S-1-5-21-254738255-2385362917-1079920137-1263","ObjectType":"Computer"},{"ObjectIdentifier":"S-1-5-21-254738255-2385362917-1079920137-1264","ObjectType":"Computer"},{"ObjectIdentifier":"S-1-5-21-254738255-2385362917-1079920137-1265","ObjectType":"Computer"},{"ObjectIdentifier":"S-1-5-21-254738255-2385362917-1079920137-1267","ObjectType":"Computer"},{"ObjectIdentifier":"S-1-5-21-254738255-2385362917-1079920137-1268","ObjectType":"Computer"},{"ObjectIdentifier":"S-1-5-21-254738255-2385362917-1079920137-1269","ObjectType":"Computer"},{"ObjectIdentifier":"S-1-5-21-254738255-2385362917-1079920137-1272","ObjectType":"Computer"},{"ObjectIdentifier":"S-1-5-21-254738255-2385362917-1079920137-1273","ObjectType":"Computer"},{"ObjectIdentifier":"S-1-5-21-254738255-2385362917-1079920137-1278","ObjectType":"Computer"},{"ObjectIdentifier":"S-1-5-21-254738255-2385362917-1079920137-1279","ObjectType":"Computer"},{"ObjectIdentifier":"S-1-5-21-254738255-2385362917-1079920137-1280","ObjectType":"Computer"},{"ObjectIdentifier":"S-1-5-21-254738255-2385362917-1079920137-1292","ObjectType":"Computer"},{"ObjectIdentifier":"S-1-5-21-254738255-2385362917-1079920137-1293","ObjectType":"Computer"},{"ObjectIdentifier":"S-1-5-21-254738255-2385362917-1079920137-1294","ObjectType":"Computer"},{"ObjectIdentifier":"S-1-5-21-254738255-2385362917-1079920137-1300","ObjectType":"Computer"},{"ObjectIdentifier":"S-1-5-21-254738255-2385362917-1079920137-1301","ObjectType":"Computer"},{"ObjectIdentifier":"S-1-5-21-254738255-2385362917-1079920137-1302","ObjectType":"Computer"},{"ObjectIdentifier":"S-1-5-21-254738255-2385362917-1079920137-1320","ObjectType":"Computer"},{"ObjectIdentifier":"S-1-5-21-254738255-2385362917-1079920137-1322","ObjectType":"Computer"},{"ObjectIdentifier":"S-1-5-21-254738255-2385362917-1079920137-1326","ObjectType":"Computer"},{"ObjectIdentifier":"S-1-5-21-254738255-2385362917-1079920137-1328","ObjectType":"Computer"},{"ObjectIdentifier":"S-1-5-21-254738255-2385362917-1079920137-1332","ObjectType":"Computer"},{"ObjectIdentifier":"S-1-5-21-254738255-2385362917-1079920137-1339","ObjectType":"Computer"},{"ObjectIdentifier":"S-1-5-21-254738255-2385362917-1079920137-1340","ObjectType":"Computer"},{"ObjectIdentifier":"S-1-5-21-254738255-2385362917-1079920137-1341","ObjectType":"Computer"},{"ObjectIdentifier":"S-1-5-21-254738255-2385362917-1079920137-1343","ObjectType":"Computer"},{"ObjectIdentifier":"S-1-5-21-254738255-2385362917-1079920137-1344","ObjectType":"Computer"},{"ObjectIdentifier":"S-1-5-21-254738255-2385362917-1079920137-1345","ObjectType":"Computer"},{"ObjectIdentifier":"S-1-5-21-254738255-2385362917-1079920137-1346","ObjectType":"Computer"},{"ObjectIdentifier":"S-1-5-21-254738255-2385362917-1079920137-1347","ObjectType":"Computer"},{"ObjectIdentifier":"S-1-5-21-254738255-2385362917-1079920137-1348","ObjectType":"Computer"},{"ObjectIdentifier":"S-1-5-21-254738255-2385362917-1079920137-1349","ObjectType":"Computer"},{"ObjectIdentifier":"S-1-5-21-254738255-2385362917-1079920137-1350","ObjectType":"Computer"},{"ObjectIdentifier":"S-1-5-21-254738255-2385362917-1079920137-1351","ObjectType":"Computer"},{"ObjectIdentifier":"S-1-5-21-254738255-2385362917-1079920137-1352","ObjectType":"Computer"},{"ObjectIdentifier":"S-1-5-21-254738255-2385362917-1079920137-1353","ObjectType":"Computer"},{"ObjectIdentifier":"S-1-5-21-254738255-2385362917-1079920137-1355","ObjectType":"Computer"},{"ObjectIdentifier":"S-1-5-21-254738255-2385362917-1079920137-1356","ObjectType":"Computer"},{"ObjectIdentifier":"S-1-5-21-254738255-2385362917-1079920137-1357","ObjectType":"Computer"},{"ObjectIdentifier":"S-1-5-21-254738255-2385362917-1079920137-1358","ObjectType":"Computer"},{"ObjectIdentifier":"S-1-5-21-254738255-2385362917-1079920137-1359","ObjectType":"Computer"},{"ObjectIdentifier":"S-1-5-21-254738255-2385362917-1079920137-1360","ObjectType":"Computer"},{"ObjectIdentifier":"S-1-5-21-254738255-2385362917-1079920137-1361","ObjectType":"Computer"},{"ObjectIdentifier":"S-1-5-21-254738255-2385362917-1079920137-1362","ObjectType":"Computer"},{"ObjectIdentifier":"S-1-5-21-254738255-2385362917-1079920137-1363","ObjectType":"Computer"},{"ObjectIdentifier":"S-1-5-21-254738255-2385362917-1079920137-1364","ObjectType":"Computer"},{"ObjectIdentifier":"S-1-5-21-254738255-2385362917-1079920137-1365","ObjectType":"Computer"},{"ObjectIdentifier":"S-1-5-21-254738255-2385362917-1079920137-1366","ObjectType":"Computer"},{"ObjectIdentifier":"S-1-5-21-254738255-2385362917-1079920137-1367","ObjectType":"Computer"},{"ObjectIdentifier":"S-1-5-21-254738255-2385362917-1079920137-1368","ObjectType":"Computer"},{"ObjectIdentifier":"S-1-5-21-254738255-2385362917-1079920137-1369","ObjectType":"Computer"},{"ObjectIdentifier":"S-1-5-21-254738255-2385362917-1079920137-1370","ObjectType":"Computer"},{"ObjectIdentifier":"S-1-5-21-254738255-2385362917-1079920137-1372","ObjectType":"Computer"},{"ObjectIdentifier":"S-1-5-21-254738255-2385362917-1079920137-1376","ObjectType":"Computer"},{"ObjectIdentifier":"S-1-5-21-254738255-2385362917-1079920137-1377","ObjectType":"Computer"},{"ObjectIdentifier":"S-1-5-21-254738255-2385362917-1079920137-1378","ObjectType":"Computer"},{"ObjectIdentifier":"S-1-5-21-254738255-2385362917-1079920137-1379","ObjectType":"Computer"},{"ObjectIdentifier":"S-1-5-21-254738255-2385362917-1079920137-1380","ObjectType":"Computer"},{"ObjectIdentifier":"S-1-5-21-254738255-2385362917-1079920137-1381","ObjectType":"Computer"},{"ObjectIdentifier":"S-1-5-21-254738255-2385362917-1079920137-1382","ObjectType":"Computer"},{"ObjectIdentifier":"S-1-5-21-254738255-2385362917-1079920137-1383","ObjectType":"Computer"},{"ObjectIdentifier":"S-1-5-21-254738255-2385362917-1079920137-1384","ObjectType":"Computer"},{"ObjectIdentifier":"S-1-5-21-254738255-2385362917-1079920137-1385","ObjectType":"Computer"},{"ObjectIdentifier":"S-1-5-21-254738255-2385362917-1079920137-1386","ObjectType":"Computer"},{"ObjectIdentifier":"S-1-5-21-254738255-2385362917-1079920137-1389","ObjectType":"Computer"},{"ObjectIdentifier":"S-1-5-21-254738255-2385362917-1079920137-1390","ObjectType":"Computer"},{"ObjectIdentifier":"S-1-5-21-254738255-2385362917-1079920137-1391","ObjectType":"Computer"},{"ObjectIdentifier":"S-1-5-21-254738255-2385362917-1079920137-1392","ObjectType":"Computer"},{"ObjectIdentifier":"S-1-5-21-254738255-2385362917-1079920137-1396","ObjectType":"Computer"},{"ObjectIdentifier":"S-1-5-21-254738255-2385362917-1079920137-1397","ObjectType":"Computer"},{"ObjectIdentifier":"S-1-5-21-254738255-2385362917-1079920137-1402","ObjectType":"Computer"},{"ObjectIdentifier":"S-1-5-21-254738255-2385362917-1079920137-1403","ObjectType":"Computer"},{"ObjectIdentifier":"S-1-5-21-254738255-2385362917-1079920137-1404","ObjectType":"Computer"},{"ObjectIdentifier":"S-1-5-21-254738255-2385362917-1079920137-1405","ObjectType":"Computer"},{"ObjectIdentifier":"S-1-5-21-254738255-2385362917-1079920137-1406","ObjectType":"Computer"},{"ObjectIdentifier":"S-1-5-21-254738255-2385362917-1079920137-1407","ObjectType":"Computer"},{"ObjectIdentifier":"S-1-5-21-254738255-2385362917-1079920137-1408","ObjectType":"Computer"},{"ObjectIdentifier":"S-1-5-21-254738255-2385362917-1079920137-1409","ObjectType":"Computer"},{"ObjectIdentifier":"S-1-5-21-254738255-2385362917-1079920137-1413","ObjectType":"Computer"},{"ObjectIdentifier":"S-1-5-21-254738255-2385362917-1079920137-1416","ObjectType":"Computer"},{"ObjectIdentifier":"S-1-5-21-254738255-2385362917-1079920137-1417","ObjectType":"Computer"},{"ObjectIdentifier":"S-1-5-21-254738255-2385362917-1079920137-1419","ObjectType":"Computer"},{"ObjectIdentifier":"S-1-5-21-254738255-2385362917-1079920137-1421","ObjectType":"Computer"},{"ObjectIdentifier":"S-1-5-21-254738255-2385362917-1079920137-1423","ObjectType":"Computer"},{"ObjectIdentifier":"S-1-5-21-254738255-2385362917-1079920137-1425","ObjectType":"Computer"},{"ObjectIdentifier":"S-1-5-21-254738255-2385362917-1079920137-1426","ObjectType":"Computer"},{"ObjectIdentifier":"S-1-5-21-254738255-2385362917-1079920137-1429","ObjectType":"Computer"},{"ObjectIdentifier":"S-1-5-21-254738255-2385362917-1079920137-1433","ObjectType":"Computer"},{"ObjectIdentifier":"S-1-5-21-254738255-2385362917-1079920137-1434","ObjectType":"Computer"},{"ObjectIdentifier":"S-1-5-21-254738255-2385362917-1079920137-1435","ObjectType":"Computer"},{"ObjectIdentifier":"S-1-5-21-254738255-2385362917-1079920137-1436","ObjectType":"Computer"},{"ObjectIdentifier":"S-1-5-21-254738255-2385362917-1079920137-1437","ObjectType":"Computer"},{"ObjectIdentifier":"S-1-5-21-254738255-2385362917-1079920137-1444","ObjectType":"Computer"},{"ObjectIdentifier":"S-1-5-21-254738255-2385362917-1079920137-1447","ObjectType":"Computer"},{"ObjectIdentifier":"S-1-5-21-254738255-2385362917-1079920137-1449","ObjectType":"Computer"},{"ObjectIdentifier":"S-1-5-21-254738255-2385362917-1079920137-1450","ObjectType":"Computer"},{"ObjectIdentifier":"S-1-5-21-254738255-2385362917-1079920137-1451","ObjectType":"Computer"},{"ObjectIdentifier":"S-1-5-21-254738255-2385362917-1079920137-1452","ObjectType":"Computer"},{"ObjectIdentifier":"S-1-5-21-254738255-2385362917-1079920137-1453","ObjectType":"Computer"},{"ObjectIdentifier":"S-1-5-21-254738255-2385362917-1079920137-1457","ObjectType":"Computer"},{"ObjectIdentifier":"S-1-5-21-254738255-2385362917-1079920137-1460","ObjectType":"Computer"},{"ObjectIdentifier":"S-1-5-21-254738255-2385362917-1079920137-1461","ObjectType":"Computer"},{"ObjectIdentifier":"S-1-5-21-254738255-2385362917-1079920137-1462","ObjectType":"Computer"},{"ObjectIdentifier":"S-1-5-21-254738255-2385362917-1079920137-1465","ObjectType":"Computer"},{"ObjectIdentifier":"S-1-5-21-254738255-2385362917-1079920137-1466","ObjectType":"Computer"},{"ObjectIdentifier":"S-1-5-21-254738255-2385362917-1079920137-1471","ObjectType":"Computer"},{"ObjectIdentifier":"S-1-5-21-254738255-2385362917-1079920137-1472","ObjectType":"Computer"},{"ObjectIdentifier":"S-1-5-21-254738255-2385362917-1079920137-1473","ObjectType":"Computer"},{"ObjectIdentifier":"S-1-5-21-254738255-2385362917-1079920137-1475","ObjectType":"Computer"},{"ObjectIdentifier":"S-1-5-21-254738255-2385362917-1079920137-1477","ObjectType":"Computer"},{"ObjectIdentifier":"S-1-5-21-254738255-2385362917-1079920137-1478","ObjectType":"Computer"},{"ObjectIdentifier":"S-1-5-21-254738255-2385362917-1079920137-1479","ObjectType":"Computer"},{"ObjectIdentifier":"S-1-5-21-254738255-2385362917-1079920137-1485","ObjectType":"Computer"},{"ObjectIdentifier":"S-1-5-21-254738255-2385362917-1079920137-1487","ObjectType":"Computer"},{"ObjectIdentifier":"S-1-5-21-254738255-2385362917-1079920137-1490","ObjectType":"Computer"},{"ObjectIdentifier":"S-1-5-21-254738255-2385362917-1079920137-1492","ObjectType":"Computer"}]},"Properties":{"domain":"OCAV.LOCAL","name":"SBSCOMPUTERS@OCAV.LOCAL","distinguishedname":"OU=SBSCOMPUTERS,OU=COMPUTERS,OU=MYBUSINESS,DC=OCAV,DC=LOCAL","domainsid":"S-1-5-21-254738255-2385362917-1079920137","highvalue":false,"description":"Client Computer","whencreated":1359102084,"blocksinheritance":false}}],"meta":{"methods":29695,"type":"ous","count":10,"version":4}}