﻿{"data":[{"ChildObjects":[{"ObjectIdentifier":"E68D0CBC-5C0E-4F6F-A853-575CB6EA4694","ObjectType":"Container"},{"ObjectIdentifier":"732A42A8-463C-4E98-A7ED-58B98FFC3F0A","ObjectType":"OU"},{"ObjectIdentifier":"B706433B-96CC-4A02-A0AB-9AAC3299BE49","ObjectType":"Container"},{"ObjectIdentifier":"9680CF9E-F196-4549-AAEE-CC0CCD6A8F71","ObjectType":"Container"},{"ObjectIdentifier":"9B9F6753-F727-432E-BE79-BFD69BA9B820","ObjectType":"OU"},{"ObjectIdentifier":"577C4F3F-B497-4026-A3DB-3366B6D35E16","ObjectType":"Container"},{"ObjectIdentifier":"DF78C579-BE50-457C-8C16-60470CD2DC75","ObjectType":"OU"},{"ObjectIdentifier":"0EE1A4AC-D4FD-48D9-BCC1-FD7AA1DE0F38","ObjectType":"Container"}],"Trusts":[],"Links":[{"IsEnforced":false,"GUID":"F254F833-703F-4D47-829F-141EA08B2271"},{"IsEnforced":false,"GUID":"A8D96628-1243-4EA3-A187-F0A24C7769DF"},{"IsEnforced":true,"GUID":"8987D1C0-8B04-4A13-BCA2-FCF9CB9C5306"}],"Aces":[{"PrincipalSID":"OCAV.LOCAL-S-1-5-32-544","PrincipalType":"Group","RightName":"Owns","IsInherited":false},{"PrincipalSID":"OCAV.LOCAL-S-1-5-32-544","PrincipalType":"Group","RightName":"WriteDacl","IsInherited":false},{"PrincipalSID":"OCAV.LOCAL-S-1-5-32-544","PrincipalType":"Group","RightName":"WriteOwner","IsInherited":false},{"PrincipalSID":"OCAV.LOCAL-S-1-5-32-544","PrincipalType":"Group","RightName":"AllExtendedRights","IsInherited":false},{"PrincipalSID":"S-1-5-21-254738255-2385362917-1079920137-512","PrincipalType":"Group","RightName":"WriteDacl","IsInherited":false},{"PrincipalSID":"S-1-5-21-254738255-2385362917-1079920137-512","PrincipalType":"Group","RightName":"WriteOwner","IsInherited":false},{"PrincipalSID":"S-1-5-21-254738255-2385362917-1079920137-512","PrincipalType":"Group","RightName":"AllExtendedRights","IsInherited":false},{"PrincipalSID":"S-1-5-21-254738255-2385362917-1079920137-519","PrincipalType":"Group","RightName":"GenericAll","IsInherited":false},{"PrincipalSID":"OCAV.LOCAL-S-1-5-9","PrincipalType":"Group","RightName":"GetChanges","IsInherited":false},{"PrincipalSID":"OCAV.LOCAL-S-1-5-32-544","PrincipalType":"Group","RightName":"GetChanges","IsInherited":false},{"PrincipalSID":"OCAV.LOCAL-S-1-5-32-544","PrincipalType":"Group","RightName":"GetChangesAll","IsInherited":false},{"PrincipalSID":"S-1-5-21-254738255-2385362917-1079920137-498","PrincipalType":"Group","RightName":"GetChanges","IsInherited":false},{"PrincipalSID":"S-1-5-21-254738255-2385362917-1079920137-516","PrincipalType":"Group","RightName":"GetChangesAll","IsInherited":false},{"PrincipalSID":"S-1-5-21-254738255-2385362917-1079920137-1131","PrincipalType":"Group","RightName":"WriteDacl","IsInherited":false},{"PrincipalSID":"S-1-5-21-254738255-2385362917-1079920137-1131","PrincipalType":"Group","RightName":"WriteDacl","IsInherited":false}],"ObjectIdentifier":"S-1-5-21-254738255-2385362917-1079920137","IsDeleted":false,"IsACLProtected":false,"GPOChanges":{"LocalAdmins":[],"RemoteDesktopUsers":[],"DcomUsers":[],"PSRemoteUsers":[],"AffectedComputers":[{"ObjectIdentifier":"S-1-5-21-254738255-2385362917-1079920137-1014","ObjectType":"Computer"},{"ObjectIdentifier":"S-1-5-21-254738255-2385362917-1079920137-1215","ObjectType":"Computer"},{"ObjectIdentifier":"S-1-5-21-254738255-2385362917-1079920137-1216","ObjectType":"Computer"},{"ObjectIdentifier":"S-1-5-21-254738255-2385362917-1079920137-1218","ObjectType":"Computer"},{"ObjectIdentifier":"S-1-5-21-254738255-2385362917-1079920137-1219","ObjectType":"Computer"},{"ObjectIdentifier":"S-1-5-21-254738255-2385362917-1079920137-1220","ObjectType":"Computer"},{"ObjectIdentifier":"S-1-5-21-254738255-2385362917-1079920137-1221","ObjectType":"Computer"},{"ObjectIdentifier":"S-1-5-21-254738255-2385362917-1079920137-1222","ObjectType":"Computer"},{"ObjectIdentifier":"S-1-5-21-254738255-2385362917-1079920137-1223","ObjectType":"Computer"},{"ObjectIdentifier":"S-1-5-21-254738255-2385362917-1079920137-1224","ObjectType":"Computer"},{"ObjectIdentifier":"S-1-5-21-254738255-2385362917-1079920137-1226","ObjectType":"Computer"},{"ObjectIdentifier":"S-1-5-21-254738255-2385362917-1079920137-1227","ObjectType":"Computer"},{"ObjectIdentifier":"S-1-5-21-254738255-2385362917-1079920137-1228","ObjectType":"Computer"},{"ObjectIdentifier":"S-1-5-21-254738255-2385362917-1079920137-1231","ObjectType":"Computer"},{"ObjectIdentifier":"S-1-5-21-254738255-2385362917-1079920137-1232","ObjectType":"Computer"},{"ObjectIdentifier":"S-1-5-21-254738255-2385362917-1079920137-1233","ObjectType":"Computer"},{"ObjectIdentifier":"S-1-5-21-254738255-2385362917-1079920137-1234","ObjectType":"Computer"},{"ObjectIdentifier":"S-1-5-21-254738255-2385362917-1079920137-1235","ObjectType":"Computer"},{"ObjectIdentifier":"S-1-5-21-254738255-2385362917-1079920137-1238","ObjectType":"Computer"},{"ObjectIdentifier":"S-1-5-21-254738255-2385362917-1079920137-1240","ObjectType":"Computer"},{"ObjectIdentifier":"S-1-5-21-254738255-2385362917-1079920137-1241","ObjectType":"Computer"},{"ObjectIdentifier":"S-1-5-21-254738255-2385362917-1079920137-1242","ObjectType":"Computer"},{"ObjectIdentifier":"S-1-5-21-254738255-2385362917-1079920137-1243","ObjectType":"Computer"},{"ObjectIdentifier":"S-1-5-21-254738255-2385362917-1079920137-1244","ObjectType":"Computer"},{"ObjectIdentifier":"S-1-5-21-254738255-2385362917-1079920137-1245","ObjectType":"Computer"},{"ObjectIdentifier":"S-1-5-21-254738255-2385362917-1079920137-1246","ObjectType":"Computer"},{"ObjectIdentifier":"S-1-5-21-254738255-2385362917-1079920137-1247","ObjectType":"Computer"},{"ObjectIdentifier":"S-1-5-21-254738255-2385362917-1079920137-1249","ObjectType":"Computer"},{"ObjectIdentifier":"S-1-5-21-254738255-2385362917-1079920137-1258","ObjectType":"Computer"},{"ObjectIdentifier":"S-1-5-21-254738255-2385362917-1079920137-1260","ObjectType":"Computer"},{"ObjectIdentifier":"S-1-5-21-254738255-2385362917-1079920137-1261","ObjectType":"Computer"},{"ObjectIdentifier":"S-1-5-21-254738255-2385362917-1079920137-1262","ObjectType":"Computer"},{"ObjectIdentifier":"S-1-5-21-254738255-2385362917-1079920137-1263","ObjectType":"Computer"},{"ObjectIdentifier":"S-1-5-21-254738255-2385362917-1079920137-1264","ObjectType":"Computer"},{"ObjectIdentifier":"S-1-5-21-254738255-2385362917-1079920137-1265","ObjectType":"Computer"},{"ObjectIdentifier":"S-1-5-21-254738255-2385362917-1079920137-1267","ObjectType":"Computer"},{"ObjectIdentifier":"S-1-5-21-254738255-2385362917-1079920137-1268","ObjectType":"Computer"},{"ObjectIdentifier":"S-1-5-21-254738255-2385362917-1079920137-1269","ObjectType":"Computer"},{"ObjectIdentifier":"S-1-5-21-254738255-2385362917-1079920137-1272","ObjectType":"Computer"},{"ObjectIdentifier":"S-1-5-21-254738255-2385362917-1079920137-1273","ObjectType":"Computer"},{"ObjectIdentifier":"S-1-5-21-254738255-2385362917-1079920137-1278","ObjectType":"Computer"},{"ObjectIdentifier":"S-1-5-21-254738255-2385362917-1079920137-1279","ObjectType":"Computer"},{"ObjectIdentifier":"S-1-5-21-254738255-2385362917-1079920137-1280","ObjectType":"Computer"},{"ObjectIdentifier":"S-1-5-21-254738255-2385362917-1079920137-1292","ObjectType":"Computer"},{"ObjectIdentifier":"S-1-5-21-254738255-2385362917-1079920137-1293","ObjectType":"Computer"},{"ObjectIdentifier":"S-1-5-21-254738255-2385362917-1079920137-1294","ObjectType":"Computer"},{"ObjectIdentifier":"S-1-5-21-254738255-2385362917-1079920137-1300","ObjectType":"Computer"},{"ObjectIdentifier":"S-1-5-21-254738255-2385362917-1079920137-1301","ObjectType":"Computer"},{"ObjectIdentifier":"S-1-5-21-254738255-2385362917-1079920137-1302","ObjectType":"Computer"},{"ObjectIdentifier":"S-1-5-21-254738255-2385362917-1079920137-1320","ObjectType":"Computer"},{"ObjectIdentifier":"S-1-5-21-254738255-2385362917-1079920137-1322","ObjectType":"Computer"},{"ObjectIdentifier":"S-1-5-21-254738255-2385362917-1079920137-1326","ObjectType":"Computer"},{"ObjectIdentifier":"S-1-5-21-254738255-2385362917-1079920137-1328","ObjectType":"Computer"},{"ObjectIdentifier":"S-1-5-21-254738255-2385362917-1079920137-1332","ObjectType":"Computer"},{"ObjectIdentifier":"S-1-5-21-254738255-2385362917-1079920137-1339","ObjectType":"Computer"},{"ObjectIdentifier":"S-1-5-21-254738255-2385362917-1079920137-1340","ObjectType":"Computer"},{"ObjectIdentifier":"S-1-5-21-254738255-2385362917-1079920137-1341","ObjectType":"Computer"},{"ObjectIdentifier":"S-1-5-21-254738255-2385362917-1079920137-1343","ObjectType":"Computer"},{"ObjectIdentifier":"S-1-5-21-254738255-2385362917-1079920137-1344","ObjectType":"Computer"},{"ObjectIdentifier":"S-1-5-21-254738255-2385362917-1079920137-1345","ObjectType":"Computer"},{"ObjectIdentifier":"S-1-5-21-254738255-2385362917-1079920137-1346","ObjectType":"Computer"},{"ObjectIdentifier":"S-1-5-21-254738255-2385362917-1079920137-1347","ObjectType":"Computer"},{"ObjectIdentifier":"S-1-5-21-254738255-2385362917-1079920137-1348","ObjectType":"Computer"},{"ObjectIdentifier":"S-1-5-21-254738255-2385362917-1079920137-1349","ObjectType":"Computer"},{"ObjectIdentifier":"S-1-5-21-254738255-2385362917-1079920137-1350","ObjectType":"Computer"},{"ObjectIdentifier":"S-1-5-21-254738255-2385362917-1079920137-1351","ObjectType":"Computer"},{"ObjectIdentifier":"S-1-5-21-254738255-2385362917-1079920137-1352","ObjectType":"Computer"},{"ObjectIdentifier":"S-1-5-21-254738255-2385362917-1079920137-1353","ObjectType":"Computer"},{"ObjectIdentifier":"S-1-5-21-254738255-2385362917-1079920137-1355","ObjectType":"Computer"},{"ObjectIdentifier":"S-1-5-21-254738255-2385362917-1079920137-1356","ObjectType":"Computer"},{"ObjectIdentifier":"S-1-5-21-254738255-2385362917-1079920137-1357","ObjectType":"Computer"},{"ObjectIdentifier":"S-1-5-21-254738255-2385362917-1079920137-1358","ObjectType":"Computer"},{"ObjectIdentifier":"S-1-5-21-254738255-2385362917-1079920137-1359","ObjectType":"Computer"},{"ObjectIdentifier":"S-1-5-21-254738255-2385362917-1079920137-1360","ObjectType":"Computer"},{"ObjectIdentifier":"S-1-5-21-254738255-2385362917-1079920137-1361","ObjectType":"Computer"},{"ObjectIdentifier":"S-1-5-21-254738255-2385362917-1079920137-1362","ObjectType":"Computer"},{"ObjectIdentifier":"S-1-5-21-254738255-2385362917-1079920137-1363","ObjectType":"Computer"},{"ObjectIdentifier":"S-1-5-21-254738255-2385362917-1079920137-1364","ObjectType":"Computer"},{"ObjectIdentifier":"S-1-5-21-254738255-2385362917-1079920137-1365","ObjectType":"Computer"},{"ObjectIdentifier":"S-1-5-21-254738255-2385362917-1079920137-1366","ObjectType":"Computer"},{"ObjectIdentifier":"S-1-5-21-254738255-2385362917-1079920137-1367","ObjectType":"Computer"},{"ObjectIdentifier":"S-1-5-21-254738255-2385362917-1079920137-1368","ObjectType":"Computer"},{"ObjectIdentifier":"S-1-5-21-254738255-2385362917-1079920137-1369","ObjectType":"Computer"},{"ObjectIdentifier":"S-1-5-21-254738255-2385362917-1079920137-1370","ObjectType":"Computer"},{"ObjectIdentifier":"S-1-5-21-254738255-2385362917-1079920137-1372","ObjectType":"Computer"},{"ObjectIdentifier":"S-1-5-21-254738255-2385362917-1079920137-1376","ObjectType":"Computer"},{"ObjectIdentifier":"S-1-5-21-254738255-2385362917-1079920137-1377","ObjectType":"Computer"},{"ObjectIdentifier":"S-1-5-21-254738255-2385362917-1079920137-1378","ObjectType":"Computer"},{"ObjectIdentifier":"S-1-5-21-254738255-2385362917-1079920137-1379","ObjectType":"Computer"},{"ObjectIdentifier":"S-1-5-21-254738255-2385362917-1079920137-1380","ObjectType":"Computer"},{"ObjectIdentifier":"S-1-5-21-254738255-2385362917-1079920137-1381","ObjectType":"Computer"},{"ObjectIdentifier":"S-1-5-21-254738255-2385362917-1079920137-1382","ObjectType":"Computer"},{"ObjectIdentifier":"S-1-5-21-254738255-2385362917-1079920137-1383","ObjectType":"Computer"},{"ObjectIdentifier":"S-1-5-21-254738255-2385362917-1079920137-1384","ObjectType":"Computer"},{"ObjectIdentifier":"S-1-5-21-254738255-2385362917-1079920137-1385","ObjectType":"Computer"},{"ObjectIdentifier":"S-1-5-21-254738255-2385362917-1079920137-1386","ObjectType":"Computer"},{"ObjectIdentifier":"S-1-5-21-254738255-2385362917-1079920137-1389","ObjectType":"Computer"},{"ObjectIdentifier":"S-1-5-21-254738255-2385362917-1079920137-1390","ObjectType":"Computer"},{"ObjectIdentifier":"S-1-5-21-254738255-2385362917-1079920137-1391","ObjectType":"Computer"},{"ObjectIdentifier":"S-1-5-21-254738255-2385362917-1079920137-1392","ObjectType":"Computer"},{"ObjectIdentifier":"S-1-5-21-254738255-2385362917-1079920137-1396","ObjectType":"Computer"},{"ObjectIdentifier":"S-1-5-21-254738255-2385362917-1079920137-1397","ObjectType":"Computer"},{"ObjectIdentifier":"S-1-5-21-254738255-2385362917-1079920137-1402","ObjectType":"Computer"},{"ObjectIdentifier":"S-1-5-21-254738255-2385362917-1079920137-1403","ObjectType":"Computer"},{"ObjectIdentifier":"S-1-5-21-254738255-2385362917-1079920137-1404","ObjectType":"Computer"},{"ObjectIdentifier":"S-1-5-21-254738255-2385362917-1079920137-1405","ObjectType":"Computer"},{"ObjectIdentifier":"S-1-5-21-254738255-2385362917-1079920137-1406","ObjectType":"Computer"},{"ObjectIdentifier":"S-1-5-21-254738255-2385362917-1079920137-1407","ObjectType":"Computer"},{"ObjectIdentifier":"S-1-5-21-254738255-2385362917-1079920137-1408","ObjectType":"Computer"},{"ObjectIdentifier":"S-1-5-21-254738255-2385362917-1079920137-1409","ObjectType":"Computer"},{"ObjectIdentifier":"S-1-5-21-254738255-2385362917-1079920137-1413","ObjectType":"Computer"},{"ObjectIdentifier":"S-1-5-21-254738255-2385362917-1079920137-1416","ObjectType":"Computer"},{"ObjectIdentifier":"S-1-5-21-254738255-2385362917-1079920137-1417","ObjectType":"Computer"},{"ObjectIdentifier":"S-1-5-21-254738255-2385362917-1079920137-1419","ObjectType":"Computer"},{"ObjectIdentifier":"S-1-5-21-254738255-2385362917-1079920137-1421","ObjectType":"Computer"},{"ObjectIdentifier":"S-1-5-21-254738255-2385362917-1079920137-1423","ObjectType":"Computer"},{"ObjectIdentifier":"S-1-5-21-254738255-2385362917-1079920137-1425","ObjectType":"Computer"},{"ObjectIdentifier":"S-1-5-21-254738255-2385362917-1079920137-1426","ObjectType":"Computer"},{"ObjectIdentifier":"S-1-5-21-254738255-2385362917-1079920137-1429","ObjectType":"Computer"},{"ObjectIdentifier":"S-1-5-21-254738255-2385362917-1079920137-1433","ObjectType":"Computer"},{"ObjectIdentifier":"S-1-5-21-254738255-2385362917-1079920137-1434","ObjectType":"Computer"},{"ObjectIdentifier":"S-1-5-21-254738255-2385362917-1079920137-1435","ObjectType":"Computer"},{"ObjectIdentifier":"S-1-5-21-254738255-2385362917-1079920137-1436","ObjectType":"Computer"},{"ObjectIdentifier":"S-1-5-21-254738255-2385362917-1079920137-1437","ObjectType":"Computer"},{"ObjectIdentifier":"S-1-5-21-254738255-2385362917-1079920137-1444","ObjectType":"Computer"},{"ObjectIdentifier":"S-1-5-21-254738255-2385362917-1079920137-1447","ObjectType":"Computer"},{"ObjectIdentifier":"S-1-5-21-254738255-2385362917-1079920137-1449","ObjectType":"Computer"},{"ObjectIdentifier":"S-1-5-21-254738255-2385362917-1079920137-1450","ObjectType":"Computer"},{"ObjectIdentifier":"S-1-5-21-254738255-2385362917-1079920137-1451","ObjectType":"Computer"},{"ObjectIdentifier":"S-1-5-21-254738255-2385362917-1079920137-1452","ObjectType":"Computer"},{"ObjectIdentifier":"S-1-5-21-254738255-2385362917-1079920137-1453","ObjectType":"Computer"},{"ObjectIdentifier":"S-1-5-21-254738255-2385362917-1079920137-1457","ObjectType":"Computer"},{"ObjectIdentifier":"S-1-5-21-254738255-2385362917-1079920137-1460","ObjectType":"Computer"},{"ObjectIdentifier":"S-1-5-21-254738255-2385362917-1079920137-1461","ObjectType":"Computer"},{"ObjectIdentifier":"S-1-5-21-254738255-2385362917-1079920137-1462","ObjectType":"Computer"},{"ObjectIdentifier":"S-1-5-21-254738255-2385362917-1079920137-1465","ObjectType":"Computer"},{"ObjectIdentifier":"S-1-5-21-254738255-2385362917-1079920137-1466","ObjectType":"Computer"},{"ObjectIdentifier":"S-1-5-21-254738255-2385362917-1079920137-1471","ObjectType":"Computer"},{"ObjectIdentifier":"S-1-5-21-254738255-2385362917-1079920137-1472","ObjectType":"Computer"},{"ObjectIdentifier":"S-1-5-21-254738255-2385362917-1079920137-1473","ObjectType":"Computer"},{"ObjectIdentifier":"S-1-5-21-254738255-2385362917-1079920137-1475","ObjectType":"Computer"},{"ObjectIdentifier":"S-1-5-21-254738255-2385362917-1079920137-1477","ObjectType":"Computer"},{"ObjectIdentifier":"S-1-5-21-254738255-2385362917-1079920137-1478","ObjectType":"Computer"},{"ObjectIdentifier":"S-1-5-21-254738255-2385362917-1079920137-1479","ObjectType":"Computer"},{"ObjectIdentifier":"S-1-5-21-254738255-2385362917-1079920137-1485","ObjectType":"Computer"},{"ObjectIdentifier":"S-1-5-21-254738255-2385362917-1079920137-1487","ObjectType":"Computer"},{"ObjectIdentifier":"S-1-5-21-254738255-2385362917-1079920137-1490","ObjectType":"Computer"},{"ObjectIdentifier":"S-1-5-21-254738255-2385362917-1079920137-1492","ObjectType":"Computer"}]},"Properties":{"domain":"OCAV.LOCAL","name":"OCAV.LOCAL","distinguishedname":"DC=OCAV,DC=LOCAL","domainsid":"S-1-5-21-254738255-2385362917-1079920137","highvalue":true,"description":null,"whencreated":1359100920,"functionallevel":"2003"}}],"meta":{"methods":29695,"type":"domains","count":1,"version":4}}