﻿{"data":[{"ChildObjects":[],"Aces":[{"PrincipalSID":"S-1-5-21-254738255-2385362917-1079920137-512","PrincipalType":"Group","RightName":"Owns","IsInherited":false},{"PrincipalSID":"S-1-5-21-254738255-2385362917-1079920137-512","PrincipalType":"Group","RightName":"WriteDacl","IsInherited":false},{"PrincipalSID":"S-1-5-21-254738255-2385362917-1079920137-512","PrincipalType":"Group","RightName":"WriteOwner","IsInherited":false},{"PrincipalSID":"S-1-5-21-254738255-2385362917-1079920137-519","PrincipalType":"Group","RightName":"GenericAll","IsInherited":true},{"PrincipalSID":"S-1-5-21-254738255-2385362917-1079920137-512","PrincipalType":"Group","RightName":"GenericAll","IsInherited":true}],"ObjectIdentifier":"EA4ACA86-F1AF-4D88-84C1-D366F4ED777D","IsDeleted":false,"IsACLProtected":false,"Properties":{"domain":"OCAV.LOCAL","name":"POLICYTEMPLATE@OCAV.LOCAL","distinguishedname":"CN=POLICYTEMPLATE,CN=WMIPOLICY,CN=SYSTEM,DC=OCAV,DC=LOCAL","domainsid":"S-1-5-21-254738255-2385362917-1079920137","highvalue":false}},{"ChildObjects":[],"Aces":[{"PrincipalSID":"S-1-5-21-254738255-2385362917-1079920137-512","PrincipalType":"Group","RightName":"Owns","IsInherited":false},{"PrincipalSID":"S-1-5-21-254738255-2385362917-1079920137-512","PrincipalType":"Group","RightName":"WriteDacl","IsInherited":false},{"PrincipalSID":"S-1-5-21-254738255-2385362917-1079920137-512","PrincipalType":"Group","RightName":"WriteOwner","IsInherited":false},{"PrincipalSID":"S-1-5-21-254738255-2385362917-1079920137-519","PrincipalType":"Group","RightName":"GenericAll","IsInherited":true},{"PrincipalSID":"S-1-5-21-254738255-2385362917-1079920137-512","PrincipalType":"Group","RightName":"GenericAll","IsInherited":true}],"ObjectIdentifier":"0E744ACD-71D9-493D-A510-1CEB28B9D082","IsDeleted":false,"IsACLProtected":false,"Properties":{"domain":"OCAV.LOCAL","name":"WMIGPO@OCAV.LOCAL","distinguishedname":"CN=WMIGPO,CN=WMIPOLICY,CN=SYSTEM,DC=OCAV,DC=LOCAL","domainsid":"S-1-5-21-254738255-2385362917-1079920137","highvalue":false}},{"ChildObjects":[],"Aces":[{"PrincipalSID":"S-1-5-21-254738255-2385362917-1079920137-512","PrincipalType":"Group","RightName":"Owns","IsInherited":false},{"PrincipalSID":"S-1-5-21-254738255-2385362917-1079920137-512","PrincipalType":"Group","RightName":"WriteDacl","IsInherited":false},{"PrincipalSID":"S-1-5-21-254738255-2385362917-1079920137-512","PrincipalType":"Group","RightName":"WriteOwner","IsInherited":false},{"PrincipalSID":"S-1-5-21-254738255-2385362917-1079920137-519","PrincipalType":"Group","RightName":"GenericAll","IsInherited":true},{"PrincipalSID":"S-1-5-21-254738255-2385362917-1079920137-512","PrincipalType":"Group","RightName":"GenericAll","IsInherited":true}],"ObjectIdentifier":"BD0E7EA7-F88F-445C-B9C5-3E7BF0903EC6","IsDeleted":false,"IsACLProtected":false,"Properties":{"domain":"OCAV.LOCAL","name":"POLICYTYPE@OCAV.LOCAL","distinguishedname":"CN=POLICYTYPE,CN=WMIPOLICY,CN=SYSTEM,DC=OCAV,DC=LOCAL","domainsid":"S-1-5-21-254738255-2385362917-1079920137","highvalue":false}},{"ChildObjects":[],"Aces":[{"PrincipalSID":"S-1-5-21-254738255-2385362917-1079920137-512","PrincipalType":"Group","RightName":"Owns","IsInherited":false},{"PrincipalSID":"S-1-5-21-254738255-2385362917-1079920137-512","PrincipalType":"Group","RightName":"GenericAll","IsInherited":false},{"PrincipalSID":"S-1-5-21-254738255-2385362917-1079920137-519","PrincipalType":"Group","RightName":"GenericAll","IsInherited":false}],"ObjectIdentifier":"685AD2BC-FFCB-4C8E-8125-E7A39ADA8055","IsDeleted":false,"IsACLProtected":true,"Properties":{"domain":"OCAV.LOCAL","name":"SOM@OCAV.LOCAL","distinguishedname":"CN=SOM,CN=WMIPOLICY,CN=SYSTEM,DC=OCAV,DC=LOCAL","domainsid":"S-1-5-21-254738255-2385362917-1079920137","highvalue":false}},{"ChildObjects":[],"Aces":[{"PrincipalSID":"S-1-5-21-254738255-2385362917-1079920137-512","PrincipalType":"Group","RightName":"Owns","IsInherited":false},{"PrincipalSID":"S-1-5-21-254738255-2385362917-1079920137-512","PrincipalType":"Group","RightName":"GenericAll","IsInherited":false},{"PrincipalSID":"S-1-5-21-254738255-2385362917-1079920137-519","PrincipalType":"Group","RightName":"GenericAll","IsInherited":false}],"ObjectIdentifier":"499B1E1A-06FF-473E-8122-A63A17D407C3","IsDeleted":false,"IsACLProtected":true,"Properties":{"domain":"OCAV.LOCAL","name":"WMIPOLICY@OCAV.LOCAL","distinguishedname":"CN=WMIPOLICY,CN=SYSTEM,DC=OCAV,DC=LOCAL","domainsid":"S-1-5-21-254738255-2385362917-1079920137","highvalue":false}},{"ChildObjects":[],"Aces":[{"PrincipalSID":"S-1-5-21-254738255-2385362917-1079920137-512","PrincipalType":"Group","RightName":"Owns","IsInherited":false},{"PrincipalSID":"S-1-5-21-254738255-2385362917-1079920137-512","PrincipalType":"Group","RightName":"WriteDacl","IsInherited":false},{"PrincipalSID":"S-1-5-21-254738255-2385362917-1079920137-512","PrincipalType":"Group","RightName":"WriteOwner","IsInherited":false},{"PrincipalSID":"S-1-5-21-254738255-2385362917-1079920137-519","PrincipalType":"Group","RightName":"GenericAll","IsInherited":true},{"PrincipalSID":"OCAV.LOCAL-S-1-5-32-544","PrincipalType":"Group","RightName":"WriteDacl","IsInherited":true},{"PrincipalSID":"OCAV.LOCAL-S-1-5-32-544","PrincipalType":"Group","RightName":"WriteOwner","IsInherited":true}],"ObjectIdentifier":"D4B8DD4D-F2FE-4D34-9E52-2F1FC9BCDB8C","IsDeleted":false,"IsACLProtected":false,"Properties":{"domain":"OCAV.LOCAL","name":"POLICIES@OCAV.LOCAL","distinguishedname":"CN=POLICIES,CN=SYSTEM,DC=OCAV,DC=LOCAL","domainsid":"S-1-5-21-254738255-2385362917-1079920137","highvalue":false}},{"ChildObjects":[],"Aces":[{"PrincipalSID":"S-1-5-21-254738255-2385362917-1079920137-512","PrincipalType":"Group","RightName":"Owns","IsInherited":false},{"PrincipalSID":"S-1-5-21-254738255-2385362917-1079920137-512","PrincipalType":"Group","RightName":"WriteDacl","IsInherited":false},{"PrincipalSID":"S-1-5-21-254738255-2385362917-1079920137-512","PrincipalType":"Group","RightName":"WriteOwner","IsInherited":false},{"PrincipalSID":"S-1-5-21-254738255-2385362917-1079920137-519","PrincipalType":"Group","RightName":"GenericAll","IsInherited":true},{"PrincipalSID":"OCAV.LOCAL-S-1-5-32-544","PrincipalType":"Group","RightName":"WriteDacl","IsInherited":true},{"PrincipalSID":"OCAV.LOCAL-S-1-5-32-544","PrincipalType":"Group","RightName":"WriteOwner","IsInherited":true}],"ObjectIdentifier":"E68D0CBC-5C0E-4F6F-A853-575CB6EA4694","IsDeleted":false,"IsACLProtected":false,"Properties":{"domain":"OCAV.LOCAL","name":"COMPUTERS@OCAV.LOCAL","distinguishedname":"CN=COMPUTERS,DC=OCAV,DC=LOCAL","domainsid":"S-1-5-21-254738255-2385362917-1079920137","highvalue":false}},{"ChildObjects":[],"Aces":[{"PrincipalSID":"S-1-5-21-254738255-2385362917-1079920137-512","PrincipalType":"Group","RightName":"Owns","IsInherited":false},{"PrincipalSID":"S-1-5-21-254738255-2385362917-1079920137-512","PrincipalType":"Group","RightName":"WriteDacl","IsInherited":false},{"PrincipalSID":"S-1-5-21-254738255-2385362917-1079920137-512","PrincipalType":"Group","RightName":"WriteOwner","IsInherited":false},{"PrincipalSID":"S-1-5-21-254738255-2385362917-1079920137-519","PrincipalType":"Group","RightName":"GenericAll","IsInherited":true},{"PrincipalSID":"OCAV.LOCAL-S-1-5-32-544","PrincipalType":"Group","RightName":"WriteDacl","IsInherited":true},{"PrincipalSID":"OCAV.LOCAL-S-1-5-32-544","PrincipalType":"Group","RightName":"WriteOwner","IsInherited":true}],"ObjectIdentifier":"041A1FA6-6230-44FF-869C-B52BD24CE7F3","IsDeleted":false,"IsACLProtected":false,"Properties":{"domain":"OCAV.LOCAL","name":"COMPARTITIONS@OCAV.LOCAL","distinguishedname":"CN=COMPARTITIONS,CN=SYSTEM,DC=OCAV,DC=LOCAL","domainsid":"S-1-5-21-254738255-2385362917-1079920137","highvalue":false}},{"ChildObjects":[],"Aces":[{"PrincipalSID":"S-1-5-21-254738255-2385362917-1079920137-512","PrincipalType":"Group","RightName":"Owns","IsInherited":false},{"PrincipalSID":"S-1-5-21-254738255-2385362917-1079920137-512","PrincipalType":"Group","RightName":"GenericAll","IsInherited":false},{"PrincipalSID":"S-1-5-21-254738255-2385362917-1079920137-519","PrincipalType":"Group","RightName":"GenericAll","IsInherited":true},{"PrincipalSID":"OCAV.LOCAL-S-1-5-32-544","PrincipalType":"Group","RightName":"WriteDacl","IsInherited":true},{"PrincipalSID":"OCAV.LOCAL-S-1-5-32-544","PrincipalType":"Group","RightName":"WriteOwner","IsInherited":true}],"ObjectIdentifier":"B706433B-96CC-4A02-A0AB-9AAC3299BE49","IsDeleted":false,"IsACLProtected":false,"Properties":{"domain":"OCAV.LOCAL","name":"FOREIGNSECURITYPRINCIPALS@OCAV.LOCAL","distinguishedname":"CN=FOREIGNSECURITYPRINCIPALS,DC=OCAV,DC=LOCAL","domainsid":"S-1-5-21-254738255-2385362917-1079920137","highvalue":false}},{"ChildObjects":[],"Aces":[{"PrincipalSID":"S-1-5-21-254738255-2385362917-1079920137-512","PrincipalType":"Group","RightName":"Owns","IsInherited":false},{"PrincipalSID":"OCAV.LOCAL-S-1-5-32-544","PrincipalType":"Group","RightName":"WriteDacl","IsInherited":false},{"PrincipalSID":"OCAV.LOCAL-S-1-5-32-544","PrincipalType":"Group","RightName":"WriteOwner","IsInherited":false},{"PrincipalSID":"S-1-5-21-254738255-2385362917-1079920137-512","PrincipalType":"Group","RightName":"WriteDacl","IsInherited":false},{"PrincipalSID":"S-1-5-21-254738255-2385362917-1079920137-512","PrincipalType":"Group","RightName":"WriteOwner","IsInherited":false},{"PrincipalSID":"S-1-5-21-254738255-2385362917-1079920137-519","PrincipalType":"Group","RightName":"WriteDacl","IsInherited":false},{"PrincipalSID":"S-1-5-21-254738255-2385362917-1079920137-519","PrincipalType":"Group","RightName":"WriteOwner","IsInherited":false}],"ObjectIdentifier":"C82269E4-E2E1-4113-B1E4-9F6E03BBFE55","IsDeleted":false,"IsACLProtected":true,"Properties":{"domain":"OCAV.LOCAL","name":"ADMINSDHOLDER@OCAV.LOCAL","distinguishedname":"CN=ADMINSDHOLDER,CN=SYSTEM,DC=OCAV,DC=LOCAL","domainsid":"S-1-5-21-254738255-2385362917-1079920137","highvalue":false}},{"ChildObjects":[],"Aces":[{"PrincipalSID":"S-1-5-21-254738255-2385362917-1079920137-512","PrincipalType":"Group","RightName":"Owns","IsInherited":false},{"PrincipalSID":"S-1-5-21-254738255-2385362917-1079920137-512","PrincipalType":"Group","RightName":"WriteDacl","IsInherited":false},{"PrincipalSID":"S-1-5-21-254738255-2385362917-1079920137-512","PrincipalType":"Group","RightName":"WriteOwner","IsInherited":false},{"PrincipalSID":"S-1-5-21-254738255-2385362917-1079920137-519","PrincipalType":"Group","RightName":"GenericAll","IsInherited":true},{"PrincipalSID":"OCAV.LOCAL-S-1-5-32-544","PrincipalType":"Group","RightName":"WriteDacl","IsInherited":true},{"PrincipalSID":"OCAV.LOCAL-S-1-5-32-544","PrincipalType":"Group","RightName":"WriteOwner","IsInherited":true}],"ObjectIdentifier":"5873C31B-A698-44F4-9D4D-419523070767","IsDeleted":false,"IsACLProtected":false,"Properties":{"domain":"OCAV.LOCAL","name":"COMPARTITIONSETS@OCAV.LOCAL","distinguishedname":"CN=COMPARTITIONSETS,CN=SYSTEM,DC=OCAV,DC=LOCAL","domainsid":"S-1-5-21-254738255-2385362917-1079920137","highvalue":false}},{"ChildObjects":[{"ObjectIdentifier":"S-1-5-21-254738255-2385362917-1079920137-1138","ObjectType":"Group"}],"Aces":[{"PrincipalSID":"S-1-5-21-254738255-2385362917-1079920137-512","PrincipalType":"Group","RightName":"Owns","IsInherited":false},{"PrincipalSID":"S-1-5-21-254738255-2385362917-1079920137-519","PrincipalType":"Group","RightName":"GenericAll","IsInherited":true},{"PrincipalSID":"OCAV.LOCAL-S-1-5-32-544","PrincipalType":"Group","RightName":"WriteDacl","IsInherited":true},{"PrincipalSID":"OCAV.LOCAL-S-1-5-32-544","PrincipalType":"Group","RightName":"WriteOwner","IsInherited":true}],"ObjectIdentifier":"577C4F3F-B497-4026-A3DB-3366B6D35E16","IsDeleted":false,"IsACLProtected":false,"Properties":{"domain":"OCAV.LOCAL","name":"MICROSOFT EXCHANGE SYSTEM OBJECTS@OCAV.LOCAL","distinguishedname":"CN=MICROSOFT EXCHANGE SYSTEM OBJECTS,DC=OCAV,DC=LOCAL","domainsid":"S-1-5-21-254738255-2385362917-1079920137","highvalue":false}},{"ChildObjects":[],"Aces":[{"PrincipalSID":"S-1-5-21-254738255-2385362917-1079920137-512","PrincipalType":"Group","RightName":"Owns","IsInherited":false},{"PrincipalSID":"S-1-5-21-254738255-2385362917-1079920137-512","PrincipalType":"Group","RightName":"GenericAll","IsInherited":false},{"PrincipalSID":"S-1-5-21-254738255-2385362917-1079920137-519","PrincipalType":"Group","RightName":"GenericAll","IsInherited":true},{"PrincipalSID":"OCAV.LOCAL-S-1-5-32-544","PrincipalType":"Group","RightName":"WriteDacl","IsInherited":true},{"PrincipalSID":"OCAV.LOCAL-S-1-5-32-544","PrincipalType":"Group","RightName":"WriteOwner","IsInherited":true}],"ObjectIdentifier":"F83EAE93-8AEA-43E9-99FF-F67C8648918B","IsDeleted":false,"IsACLProtected":false,"Properties":{"domain":"OCAV.LOCAL","name":"PSPS@OCAV.LOCAL","distinguishedname":"CN=PSPS,CN=SYSTEM,DC=OCAV,DC=LOCAL","domainsid":"S-1-5-21-254738255-2385362917-1079920137","highvalue":false}},{"ChildObjects":[],"Aces":[{"PrincipalSID":"S-1-5-21-254738255-2385362917-1079920137-512","PrincipalType":"Group","RightName":"Owns","IsInherited":false},{"PrincipalSID":"S-1-5-21-254738255-2385362917-1079920137-512","PrincipalType":"Group","RightName":"WriteDacl","IsInherited":false},{"PrincipalSID":"S-1-5-21-254738255-2385362917-1079920137-512","PrincipalType":"Group","RightName":"WriteOwner","IsInherited":false},{"PrincipalSID":"S-1-5-21-254738255-2385362917-1079920137-519","PrincipalType":"Group","RightName":"GenericAll","IsInherited":true},{"PrincipalSID":"OCAV.LOCAL-S-1-5-32-544","PrincipalType":"Group","RightName":"WriteDacl","IsInherited":true},{"PrincipalSID":"OCAV.LOCAL-S-1-5-32-544","PrincipalType":"Group","RightName":"WriteOwner","IsInherited":true}],"ObjectIdentifier":"F8C5E9B4-86E1-41C4-81CE-4DAF93B1BC1A","IsDeleted":false,"IsACLProtected":false,"Properties":{"domain":"OCAV.LOCAL","name":"WINSOCKSERVICES@OCAV.LOCAL","distinguishedname":"CN=WINSOCKSERVICES,CN=SYSTEM,DC=OCAV,DC=LOCAL","domainsid":"S-1-5-21-254738255-2385362917-1079920137","highvalue":false}},{"ChildObjects":[],"Aces":[{"PrincipalSID":"S-1-5-21-254738255-2385362917-1079920137-512","PrincipalType":"Group","RightName":"Owns","IsInherited":false},{"PrincipalSID":"S-1-5-21-254738255-2385362917-1079920137-512","PrincipalType":"Group","RightName":"WriteDacl","IsInherited":false},{"PrincipalSID":"S-1-5-21-254738255-2385362917-1079920137-512","PrincipalType":"Group","RightName":"WriteOwner","IsInherited":false},{"PrincipalSID":"S-1-5-21-254738255-2385362917-1079920137-519","PrincipalType":"Group","RightName":"GenericAll","IsInherited":true},{"PrincipalSID":"OCAV.LOCAL-S-1-5-32-544","PrincipalType":"Group","RightName":"WriteDacl","IsInherited":true},{"PrincipalSID":"OCAV.LOCAL-S-1-5-32-544","PrincipalType":"Group","RightName":"WriteOwner","IsInherited":true}],"ObjectIdentifier":"864EC2A0-FBFD-45DA-A006-E7F2EBC0A3B7","IsDeleted":false,"IsACLProtected":false,"Properties":{"domain":"OCAV.LOCAL","name":"SYSTEM@OCAV.LOCAL","distinguishedname":"CN=SYSTEM,DC=OCAV,DC=LOCAL","domainsid":"S-1-5-21-254738255-2385362917-1079920137","highvalue":false}},{"ChildObjects":[],"Aces":[{"PrincipalSID":"S-1-5-21-254738255-2385362917-1079920137-512","PrincipalType":"Group","RightName":"Owns","IsInherited":false},{"PrincipalSID":"S-1-5-21-254738255-2385362917-1079920137-512","PrincipalType":"Group","RightName":"WriteDacl","IsInherited":false},{"PrincipalSID":"S-1-5-21-254738255-2385362917-1079920137-512","PrincipalType":"Group","RightName":"WriteOwner","IsInherited":false},{"PrincipalSID":"S-1-5-21-254738255-2385362917-1079920137-519","PrincipalType":"Group","RightName":"GenericAll","IsInherited":true},{"PrincipalSID":"OCAV.LOCAL-S-1-5-32-544","PrincipalType":"Group","RightName":"WriteDacl","IsInherited":true},{"PrincipalSID":"OCAV.LOCAL-S-1-5-32-544","PrincipalType":"Group","RightName":"WriteOwner","IsInherited":true}],"ObjectIdentifier":"17CDE459-94D2-4C71-AE72-0149232C797C","IsDeleted":false,"IsACLProtected":false,"Properties":{"domain":"OCAV.LOCAL","name":"MEETINGS@OCAV.LOCAL","distinguishedname":"CN=MEETINGS,CN=SYSTEM,DC=OCAV,DC=LOCAL","domainsid":"S-1-5-21-254738255-2385362917-1079920137","highvalue":false}},{"ChildObjects":[],"Aces":[{"PrincipalSID":"S-1-5-21-254738255-2385362917-1079920137-512","PrincipalType":"Group","RightName":"Owns","IsInherited":false},{"PrincipalSID":"S-1-5-21-254738255-2385362917-1079920137-512","PrincipalType":"Group","RightName":"WriteDacl","IsInherited":false},{"PrincipalSID":"S-1-5-21-254738255-2385362917-1079920137-512","PrincipalType":"Group","RightName":"WriteOwner","IsInherited":false},{"PrincipalSID":"S-1-5-21-254738255-2385362917-1079920137-519","PrincipalType":"Group","RightName":"GenericAll","IsInherited":true},{"PrincipalSID":"OCAV.LOCAL-S-1-5-32-544","PrincipalType":"Group","RightName":"WriteDacl","IsInherited":true},{"PrincipalSID":"OCAV.LOCAL-S-1-5-32-544","PrincipalType":"Group","RightName":"WriteOwner","IsInherited":true}],"ObjectIdentifier":"9680CF9E-F196-4549-AAEE-CC0CCD6A8F71","IsDeleted":false,"IsACLProtected":false,"Properties":{"domain":"OCAV.LOCAL","name":"MANAGED SERVICE ACCOUNTS@OCAV.LOCAL","distinguishedname":"CN=MANAGED SERVICE ACCOUNTS,DC=OCAV,DC=LOCAL","domainsid":"S-1-5-21-254738255-2385362917-1079920137","highvalue":false}},{"ChildObjects":[],"Aces":[{"PrincipalSID":"S-1-5-21-254738255-2385362917-1079920137-512","PrincipalType":"Group","RightName":"Owns","IsInherited":false},{"PrincipalSID":"S-1-5-21-254738255-2385362917-1079920137-512","PrincipalType":"Group","RightName":"GenericAll","IsInherited":false},{"PrincipalSID":"S-1-5-21-254738255-2385362917-1079920137-519","PrincipalType":"Group","RightName":"GenericAll","IsInherited":true},{"PrincipalSID":"OCAV.LOCAL-S-1-5-32-544","PrincipalType":"Group","RightName":"WriteDacl","IsInherited":true},{"PrincipalSID":"OCAV.LOCAL-S-1-5-32-544","PrincipalType":"Group","RightName":"WriteOwner","IsInherited":true}],"ObjectIdentifier":"ED60E692-EE0B-4652-B341-AF0359B3B077","IsDeleted":false,"IsACLProtected":false,"Properties":{"domain":"OCAV.LOCAL","name":"PROGRAM DATA@OCAV.LOCAL","distinguishedname":"CN=PROGRAM DATA,DC=OCAV,DC=LOCAL","domainsid":"S-1-5-21-254738255-2385362917-1079920137","highvalue":false}},{"ChildObjects":[],"Aces":[{"PrincipalSID":"S-1-5-21-254738255-2385362917-1079920137-512","PrincipalType":"Group","RightName":"Owns","IsInherited":false},{"PrincipalSID":"S-1-5-21-254738255-2385362917-1079920137-553","PrincipalType":"Group","RightName":"WriteDacl","IsInherited":false},{"PrincipalSID":"S-1-5-21-254738255-2385362917-1079920137-553","PrincipalType":"Group","RightName":"WriteOwner","IsInherited":false},{"PrincipalSID":"S-1-5-21-254738255-2385362917-1079920137-519","PrincipalType":"Group","RightName":"GenericAll","IsInherited":true},{"PrincipalSID":"OCAV.LOCAL-S-1-5-32-544","PrincipalType":"Group","RightName":"WriteDacl","IsInherited":true},{"PrincipalSID":"OCAV.LOCAL-S-1-5-32-544","PrincipalType":"Group","RightName":"WriteOwner","IsInherited":true}],"ObjectIdentifier":"D9797F4F-E740-4F9B-A6B0-0D4A6081AD6F","IsDeleted":false,"IsACLProtected":false,"Properties":{"domain":"OCAV.LOCAL","name":"RAS AND IAS SERVERS ACCESS CHECK@OCAV.LOCAL","distinguishedname":"CN=RAS AND IAS SERVERS ACCESS CHECK,CN=SYSTEM,DC=OCAV,DC=LOCAL","domainsid":"S-1-5-21-254738255-2385362917-1079920137","highvalue":false}},{"ChildObjects":[],"Aces":[{"PrincipalSID":"S-1-5-21-254738255-2385362917-1079920137-512","PrincipalType":"Group","RightName":"Owns","IsInherited":false},{"PrincipalSID":"S-1-5-21-254738255-2385362917-1079920137-512","PrincipalType":"Group","RightName":"WriteDacl","IsInherited":false},{"PrincipalSID":"S-1-5-21-254738255-2385362917-1079920137-512","PrincipalType":"Group","RightName":"WriteOwner","IsInherited":false},{"PrincipalSID":"S-1-5-21-254738255-2385362917-1079920137-519","PrincipalType":"Group","RightName":"GenericAll","IsInherited":true},{"PrincipalSID":"OCAV.LOCAL-S-1-5-32-544","PrincipalType":"Group","RightName":"WriteDacl","IsInherited":true},{"PrincipalSID":"OCAV.LOCAL-S-1-5-32-544","PrincipalType":"Group","RightName":"WriteOwner","IsInherited":true}],"ObjectIdentifier":"BA4243EA-AAB5-4AD5-95C8-7B6C2C1BCE53","IsDeleted":false,"IsACLProtected":false,"Properties":{"domain":"OCAV.LOCAL","name":"IP SECURITY@OCAV.LOCAL","distinguishedname":"CN=IP SECURITY,CN=SYSTEM,DC=OCAV,DC=LOCAL","domainsid":"S-1-5-21-254738255-2385362917-1079920137","highvalue":false}},{"ChildObjects":[],"Aces":[{"PrincipalSID":"S-1-5-21-254738255-2385362917-1079920137-512","PrincipalType":"Group","RightName":"Owns","IsInherited":false},{"PrincipalSID":"S-1-5-21-254738255-2385362917-1079920137-512","PrincipalType":"Group","RightName":"GenericAll","IsInherited":false},{"PrincipalSID":"S-1-5-21-254738255-2385362917-1079920137-519","PrincipalType":"Group","RightName":"GenericAll","IsInherited":true},{"PrincipalSID":"OCAV.LOCAL-S-1-5-32-544","PrincipalType":"Group","RightName":"WriteDacl","IsInherited":true},{"PrincipalSID":"OCAV.LOCAL-S-1-5-32-544","PrincipalType":"Group","RightName":"WriteOwner","IsInherited":true}],"ObjectIdentifier":"9B26DE39-2EBD-4E5B-BAE4-18DCC6AF70F1","IsDeleted":false,"IsACLProtected":false,"Properties":{"domain":"OCAV.LOCAL","name":"MICROSOFT@OCAV.LOCAL","distinguishedname":"CN=MICROSOFT,CN=PROGRAM DATA,DC=OCAV,DC=LOCAL","domainsid":"S-1-5-21-254738255-2385362917-1079920137","highvalue":false}},{"ChildObjects":[],"Aces":[{"PrincipalSID":"S-1-5-21-254738255-2385362917-1079920137-512","PrincipalType":"Group","RightName":"Owns","IsInherited":false},{"PrincipalSID":"S-1-5-21-254738255-2385362917-1079920137-512","PrincipalType":"Group","RightName":"WriteDacl","IsInherited":false},{"PrincipalSID":"S-1-5-21-254738255-2385362917-1079920137-512","PrincipalType":"Group","RightName":"WriteOwner","IsInherited":false},{"PrincipalSID":"S-1-5-21-254738255-2385362917-1079920137-519","PrincipalType":"Group","RightName":"GenericAll","IsInherited":true},{"PrincipalSID":"OCAV.LOCAL-S-1-5-32-544","PrincipalType":"Group","RightName":"WriteDacl","IsInherited":true},{"PrincipalSID":"OCAV.LOCAL-S-1-5-32-544","PrincipalType":"Group","RightName":"WriteOwner","IsInherited":true}],"ObjectIdentifier":"D966ABC4-8501-45A9-A5DA-C7E2BC94F2ED","IsDeleted":false,"IsACLProtected":false,"Properties":{"domain":"OCAV.LOCAL","name":"RPCSERVICES@OCAV.LOCAL","distinguishedname":"CN=RPCSERVICES,CN=SYSTEM,DC=OCAV,DC=LOCAL","domainsid":"S-1-5-21-254738255-2385362917-1079920137","highvalue":false}},{"ChildObjects":[{"ObjectIdentifier":"S-1-5-21-254738255-2385362917-1079920137-500","ObjectType":"User"},{"ObjectIdentifier":"S-1-5-21-254738255-2385362917-1079920137-571","ObjectType":"Group"},{"ObjectIdentifier":"S-1-5-21-254738255-2385362917-1079920137-517","ObjectType":"Group"},{"ObjectIdentifier":"S-1-5-21-254738255-2385362917-1079920137-572","ObjectType":"Group"},{"ObjectIdentifier":"S-1-5-21-254738255-2385362917-1079920137-1001","ObjectType":"Group"},{"ObjectIdentifier":"S-1-5-21-254738255-2385362917-1079920137-1000","ObjectType":"Group"},{"ObjectIdentifier":"S-1-5-21-254738255-2385362917-1079920137-1136","ObjectType":"User"},{"ObjectIdentifier":"S-1-5-21-254738255-2385362917-1079920137-1115","ObjectType":"Group"},{"ObjectIdentifier":"S-1-5-21-254738255-2385362917-1079920137-1116","ObjectType":"Group"},{"ObjectIdentifier":"S-1-5-21-254738255-2385362917-1079920137-512","ObjectType":"Group"},{"ObjectIdentifier":"S-1-5-21-254738255-2385362917-1079920137-515","ObjectType":"Group"},{"ObjectIdentifier":"S-1-5-21-254738255-2385362917-1079920137-516","ObjectType":"Group"},{"ObjectIdentifier":"S-1-5-21-254738255-2385362917-1079920137-514","ObjectType":"Group"},{"ObjectIdentifier":"S-1-5-21-254738255-2385362917-1079920137-513","ObjectType":"Group"},{"ObjectIdentifier":"S-1-5-21-254738255-2385362917-1079920137-519","ObjectType":"Group"},{"ObjectIdentifier":"S-1-5-21-254738255-2385362917-1079920137-498","ObjectType":"Group"},{"ObjectIdentifier":"S-1-5-21-254738255-2385362917-1079920137-1137","ObjectType":"User"},{"ObjectIdentifier":"S-1-5-21-254738255-2385362917-1079920137-520","ObjectType":"Group"},{"ObjectIdentifier":"S-1-5-21-254738255-2385362917-1079920137-501","ObjectType":"User"},{"ObjectIdentifier":"S-1-5-21-254738255-2385362917-1079920137-502","ObjectType":"User"},{"ObjectIdentifier":"S-1-5-21-254738255-2385362917-1079920137-553","ObjectType":"Group"},{"ObjectIdentifier":"S-1-5-21-254738255-2385362917-1079920137-521","ObjectType":"Group"},{"ObjectIdentifier":"S-1-5-21-254738255-2385362917-1079920137-518","ObjectType":"Group"},{"ObjectIdentifier":"S-1-5-21-254738255-2385362917-1079920137-1003","ObjectType":"Group"},{"ObjectIdentifier":"S-1-5-21-254738255-2385362917-1079920137-1002","ObjectType":"Group"},{"ObjectIdentifier":"S-1-5-21-254738255-2385362917-1079920137-1005","ObjectType":"Group"},{"ObjectIdentifier":"S-1-5-21-254738255-2385362917-1079920137-1008","ObjectType":"Group"},{"ObjectIdentifier":"S-1-5-21-254738255-2385362917-1079920137-1011","ObjectType":"Group"},{"ObjectIdentifier":"S-1-5-21-254738255-2385362917-1079920137-1004","ObjectType":"Group"},{"ObjectIdentifier":"S-1-5-21-254738255-2385362917-1079920137-1006","ObjectType":"Group"},{"ObjectIdentifier":"S-1-5-21-254738255-2385362917-1079920137-1009","ObjectType":"Group"},{"ObjectIdentifier":"S-1-5-21-254738255-2385362917-1079920137-1007","ObjectType":"Group"},{"ObjectIdentifier":"S-1-5-21-254738255-2385362917-1079920137-1010","ObjectType":"Group"},{"ObjectIdentifier":"S-1-5-21-254738255-2385362917-1079920137-1133","ObjectType":"User"},{"ObjectIdentifier":"S-1-5-21-254738255-2385362917-1079920137-1135","ObjectType":"User"},{"ObjectIdentifier":"S-1-5-21-254738255-2385362917-1079920137-1159","ObjectType":"Group"},{"ObjectIdentifier":"S-1-5-21-254738255-2385362917-1079920137-1160","ObjectType":"Group"},{"ObjectIdentifier":"S-1-5-21-254738255-2385362917-1079920137-1161","ObjectType":"Group"},{"ObjectIdentifier":"S-1-5-21-254738255-2385362917-1079920137-1013","ObjectType":"Group"},{"ObjectIdentifier":"S-1-5-21-254738255-2385362917-1079920137-1012","ObjectType":"Group"}],"Aces":[{"PrincipalSID":"S-1-5-21-254738255-2385362917-1079920137-512","PrincipalType":"Group","RightName":"Owns","IsInherited":false},{"PrincipalSID":"S-1-5-21-254738255-2385362917-1079920137-512","PrincipalType":"Group","RightName":"WriteDacl","IsInherited":false},{"PrincipalSID":"S-1-5-21-254738255-2385362917-1079920137-512","PrincipalType":"Group","RightName":"WriteOwner","IsInherited":false},{"PrincipalSID":"S-1-5-21-254738255-2385362917-1079920137-519","PrincipalType":"Group","RightName":"GenericAll","IsInherited":true},{"PrincipalSID":"OCAV.LOCAL-S-1-5-32-544","PrincipalType":"Group","RightName":"WriteDacl","IsInherited":true},{"PrincipalSID":"OCAV.LOCAL-S-1-5-32-544","PrincipalType":"Group","RightName":"WriteOwner","IsInherited":true}],"ObjectIdentifier":"0EE1A4AC-D4FD-48D9-BCC1-FD7AA1DE0F38","IsDeleted":false,"IsACLProtected":false,"Properties":{"domain":"OCAV.LOCAL","name":"USERS@OCAV.LOCAL","distinguishedname":"CN=USERS,DC=OCAV,DC=LOCAL","domainsid":"S-1-5-21-254738255-2385362917-1079920137","highvalue":false}}],"meta":{"methods":29695,"type":"containers","count":23,"version":4}}