﻿{"data":[{"Aces":[{"PrincipalSID":"S-1-5-21-254738255-2385362917-1079920137-512","PrincipalType":"Group","RightName":"Owns","IsInherited":false},{"PrincipalSID":"S-1-5-21-254738255-2385362917-1079920137-512","PrincipalType":"Group","RightName":"WriteDacl","IsInherited":false},{"PrincipalSID":"S-1-5-21-254738255-2385362917-1079920137-512","PrincipalType":"Group","RightName":"WriteOwner","IsInherited":false},{"PrincipalSID":"S-1-5-21-254738255-2385362917-1079920137-512","PrincipalType":"Group","RightName":"GenericWrite","IsInherited":false},{"PrincipalSID":"S-1-5-21-254738255-2385362917-1079920137-519","PrincipalType":"Group","RightName":"WriteDacl","IsInherited":false},{"PrincipalSID":"S-1-5-21-254738255-2385362917-1079920137-519","PrincipalType":"Group","RightName":"WriteOwner","IsInherited":false},{"PrincipalSID":"S-1-5-21-254738255-2385362917-1079920137-519","PrincipalType":"Group","RightName":"GenericWrite","IsInherited":false}],"ObjectIdentifier":"DC0D3DDB-0435-414E-9EA3-FC5A6BB5D952","IsDeleted":false,"IsACLProtected":true,"Properties":{"domain":"OCAV.LOCAL","name":"WINDOWS SBS CLIENT POLICY@OCAV.LOCAL","distinguishedname":"CN={CD7A88A8-8D98-4D39-9446-F63C818ECEA5},CN=POLICIES,CN=SYSTEM,DC=OCAV,DC=LOCAL","domainsid":"S-1-5-21-254738255-2385362917-1079920137","highvalue":false,"description":null,"whencreated":1359103101,"gpcpath":"\\\\OCAV.LOCAL\\SYSVOL\\OCAV.LOCAL\\POLICIES\\{CD7A88A8-8D98-4D39-9446-F63C818ECEA5}"}},{"Aces":[{"PrincipalSID":"S-1-5-21-254738255-2385362917-1079920137-512","PrincipalType":"Group","RightName":"Owns","IsInherited":false},{"PrincipalSID":"S-1-5-21-254738255-2385362917-1079920137-512","PrincipalType":"Group","RightName":"WriteDacl","IsInherited":false},{"PrincipalSID":"S-1-5-21-254738255-2385362917-1079920137-512","PrincipalType":"Group","RightName":"WriteOwner","IsInherited":false},{"PrincipalSID":"S-1-5-21-254738255-2385362917-1079920137-512","PrincipalType":"Group","RightName":"GenericWrite","IsInherited":false},{"PrincipalSID":"S-1-5-21-254738255-2385362917-1079920137-519","PrincipalType":"Group","RightName":"WriteDacl","IsInherited":false},{"PrincipalSID":"S-1-5-21-254738255-2385362917-1079920137-519","PrincipalType":"Group","RightName":"WriteOwner","IsInherited":false},{"PrincipalSID":"S-1-5-21-254738255-2385362917-1079920137-519","PrincipalType":"Group","RightName":"GenericWrite","IsInherited":false}],"ObjectIdentifier":"F254F833-703F-4D47-829F-141EA08B2271","IsDeleted":false,"IsACLProtected":true,"Properties":{"domain":"OCAV.LOCAL","name":"UPDATE SERVICES COMMON SETTINGS POLICY@OCAV.LOCAL","distinguishedname":"CN={AC8F3492-24AA-4B9E-9774-19AD28328855},CN=POLICIES,CN=SYSTEM,DC=OCAV,DC=LOCAL","domainsid":"S-1-5-21-254738255-2385362917-1079920137","highvalue":false,"description":null,"whencreated":1359106812,"gpcpath":"\\\\OCAV.LOCAL\\SYSVOL\\OCAV.LOCAL\\POLICIES\\{AC8F3492-24AA-4B9E-9774-19AD28328855}"}},{"Aces":[{"PrincipalSID":"S-1-5-21-254738255-2385362917-1079920137-512","PrincipalType":"Group","RightName":"Owns","IsInherited":false},{"PrincipalSID":"S-1-5-21-254738255-2385362917-1079920137-512","PrincipalType":"Group","RightName":"WriteDacl","IsInherited":false},{"PrincipalSID":"S-1-5-21-254738255-2385362917-1079920137-512","PrincipalType":"Group","RightName":"WriteOwner","IsInherited":false},{"PrincipalSID":"S-1-5-21-254738255-2385362917-1079920137-512","PrincipalType":"Group","RightName":"GenericWrite","IsInherited":false},{"PrincipalSID":"S-1-5-21-254738255-2385362917-1079920137-519","PrincipalType":"Group","RightName":"WriteDacl","IsInherited":false},{"PrincipalSID":"S-1-5-21-254738255-2385362917-1079920137-519","PrincipalType":"Group","RightName":"WriteOwner","IsInherited":false},{"PrincipalSID":"S-1-5-21-254738255-2385362917-1079920137-519","PrincipalType":"Group","RightName":"GenericWrite","IsInherited":false}],"ObjectIdentifier":"AF823220-05A7-45A3-8233-09839CA9560B","IsDeleted":false,"IsACLProtected":true,"Properties":{"domain":"OCAV.LOCAL","name":"WINDOWS SBS CLIENT - WINDOWS 7 AND WINDOWS VISTA POLICY@OCAV.LOCAL","distinguishedname":"CN={AF878846-B232-4D31-98E9-1A11D30C86D5},CN=POLICIES,CN=SYSTEM,DC=OCAV,DC=LOCAL","domainsid":"S-1-5-21-254738255-2385362917-1079920137","highvalue":false,"description":null,"whencreated":1359103101,"gpcpath":"\\\\OCAV.LOCAL\\SYSVOL\\OCAV.LOCAL\\POLICIES\\{AF878846-B232-4D31-98E9-1A11D30C86D5}"}},{"Aces":[{"PrincipalSID":"S-1-5-21-254738255-2385362917-1079920137-512","PrincipalType":"Group","RightName":"Owns","IsInherited":false},{"PrincipalSID":"S-1-5-21-254738255-2385362917-1079920137-512","PrincipalType":"Group","RightName":"WriteDacl","IsInherited":false},{"PrincipalSID":"S-1-5-21-254738255-2385362917-1079920137-512","PrincipalType":"Group","RightName":"WriteOwner","IsInherited":false},{"PrincipalSID":"S-1-5-21-254738255-2385362917-1079920137-512","PrincipalType":"Group","RightName":"GenericWrite","IsInherited":false},{"PrincipalSID":"S-1-5-21-254738255-2385362917-1079920137-519","PrincipalType":"Group","RightName":"WriteDacl","IsInherited":false},{"PrincipalSID":"S-1-5-21-254738255-2385362917-1079920137-519","PrincipalType":"Group","RightName":"WriteOwner","IsInherited":false},{"PrincipalSID":"S-1-5-21-254738255-2385362917-1079920137-519","PrincipalType":"Group","RightName":"GenericWrite","IsInherited":false}],"ObjectIdentifier":"8987D1C0-8B04-4A13-BCA2-FCF9CB9C5306","IsDeleted":false,"IsACLProtected":true,"Properties":{"domain":"OCAV.LOCAL","name":"WINDOWS SBS CSE POLICY@OCAV.LOCAL","distinguishedname":"CN={5B5158C7-7626-4A8A-92DB-D13BEC0A136F},CN=POLICIES,CN=SYSTEM,DC=OCAV,DC=LOCAL","domainsid":"S-1-5-21-254738255-2385362917-1079920137","highvalue":false,"description":null,"whencreated":1359103101,"gpcpath":"\\\\OCAV.LOCAL\\SYSVOL\\OCAV.LOCAL\\POLICIES\\{5B5158C7-7626-4A8A-92DB-D13BEC0A136F}"}},{"Aces":[{"PrincipalSID":"S-1-5-21-254738255-2385362917-1079920137-512","PrincipalType":"Group","RightName":"WriteDacl","IsInherited":false},{"PrincipalSID":"S-1-5-21-254738255-2385362917-1079920137-512","PrincipalType":"Group","RightName":"WriteOwner","IsInherited":false},{"PrincipalSID":"S-1-5-21-254738255-2385362917-1079920137-512","PrincipalType":"Group","RightName":"GenericWrite","IsInherited":false},{"PrincipalSID":"S-1-5-21-254738255-2385362917-1079920137-519","PrincipalType":"Group","RightName":"WriteDacl","IsInherited":false},{"PrincipalSID":"S-1-5-21-254738255-2385362917-1079920137-519","PrincipalType":"Group","RightName":"WriteOwner","IsInherited":false},{"PrincipalSID":"S-1-5-21-254738255-2385362917-1079920137-519","PrincipalType":"Group","RightName":"GenericWrite","IsInherited":false}],"ObjectIdentifier":"EE0BAC0A-9C6F-4E82-936C-E6FB60107CC2","IsDeleted":false,"IsACLProtected":true,"Properties":{"domain":"OCAV.LOCAL","name":"WINDOWS SBS CLIENT - WINDOWS 8 POLICY@OCAV.LOCAL","distinguishedname":"CN={74518B92-D5AA-402D-A050-6B2E5AD91158},CN=POLICIES,CN=SYSTEM,DC=OCAV,DC=LOCAL","domainsid":"S-1-5-21-254738255-2385362917-1079920137","highvalue":false,"description":null,"whencreated":1359168649,"gpcpath":"\\\\OCAV.LOCAL\\SYSVOL\\OCAV.LOCAL\\POLICIES\\{74518B92-D5AA-402D-A050-6B2E5AD91158}"}},{"Aces":[{"PrincipalSID":"S-1-5-21-254738255-2385362917-1079920137-512","PrincipalType":"Group","RightName":"Owns","IsInherited":false},{"PrincipalSID":"S-1-5-21-254738255-2385362917-1079920137-512","PrincipalType":"Group","RightName":"WriteDacl","IsInherited":false},{"PrincipalSID":"S-1-5-21-254738255-2385362917-1079920137-512","PrincipalType":"Group","RightName":"WriteOwner","IsInherited":false},{"PrincipalSID":"S-1-5-21-254738255-2385362917-1079920137-512","PrincipalType":"Group","RightName":"GenericWrite","IsInherited":false},{"PrincipalSID":"S-1-5-21-254738255-2385362917-1079920137-519","PrincipalType":"Group","RightName":"WriteDacl","IsInherited":false},{"PrincipalSID":"S-1-5-21-254738255-2385362917-1079920137-519","PrincipalType":"Group","RightName":"WriteOwner","IsInherited":false},{"PrincipalSID":"S-1-5-21-254738255-2385362917-1079920137-519","PrincipalType":"Group","RightName":"GenericWrite","IsInherited":false}],"ObjectIdentifier":"FA6BE7D3-00DA-49F2-82C5-3D5CB9F17E9D","IsDeleted":false,"IsACLProtected":true,"Properties":{"domain":"OCAV.LOCAL","name":"WINDOWS SBS CLIENT - WINDOWS XP POLICY@OCAV.LOCAL","distinguishedname":"CN={A6569C3B-169D-4EFF-AF35-104E20293EF4},CN=POLICIES,CN=SYSTEM,DC=OCAV,DC=LOCAL","domainsid":"S-1-5-21-254738255-2385362917-1079920137","highvalue":false,"description":null,"whencreated":1359103101,"gpcpath":"\\\\OCAV.LOCAL\\SYSVOL\\OCAV.LOCAL\\POLICIES\\{A6569C3B-169D-4EFF-AF35-104E20293EF4}"}},{"Aces":[{"PrincipalSID":"S-1-5-21-254738255-2385362917-1079920137-512","PrincipalType":"Group","RightName":"Owns","IsInherited":false},{"PrincipalSID":"S-1-5-21-254738255-2385362917-1079920137-512","PrincipalType":"Group","RightName":"WriteDacl","IsInherited":false},{"PrincipalSID":"S-1-5-21-254738255-2385362917-1079920137-512","PrincipalType":"Group","RightName":"WriteOwner","IsInherited":false},{"PrincipalSID":"S-1-5-21-254738255-2385362917-1079920137-512","PrincipalType":"Group","RightName":"GenericWrite","IsInherited":false},{"PrincipalSID":"S-1-5-21-254738255-2385362917-1079920137-512","PrincipalType":"Group","RightName":"WriteDacl","IsInherited":false},{"PrincipalSID":"S-1-5-21-254738255-2385362917-1079920137-512","PrincipalType":"Group","RightName":"WriteOwner","IsInherited":false},{"PrincipalSID":"S-1-5-21-254738255-2385362917-1079920137-512","PrincipalType":"Group","RightName":"GenericWrite","IsInherited":false},{"PrincipalSID":"S-1-5-21-254738255-2385362917-1079920137-519","PrincipalType":"Group","RightName":"WriteDacl","IsInherited":false},{"PrincipalSID":"S-1-5-21-254738255-2385362917-1079920137-519","PrincipalType":"Group","RightName":"WriteOwner","IsInherited":false},{"PrincipalSID":"S-1-5-21-254738255-2385362917-1079920137-519","PrincipalType":"Group","RightName":"GenericWrite","IsInherited":false}],"ObjectIdentifier":"A8D96628-1243-4EA3-A187-F0A24C7769DF","IsDeleted":false,"IsACLProtected":true,"Properties":{"domain":"OCAV.LOCAL","name":"DEFAULT DOMAIN POLICY@OCAV.LOCAL","distinguishedname":"CN={31B2F340-016D-11D2-945F-00C04FB984F9},CN=POLICIES,CN=SYSTEM,DC=OCAV,DC=LOCAL","domainsid":"S-1-5-21-254738255-2385362917-1079920137","highvalue":false,"description":null,"whencreated":1359100929,"gpcpath":"\\\\OCAV.LOCAL\\SYSVOL\\OCAV.LOCAL\\POLICIES\\{31B2F340-016D-11D2-945F-00C04FB984F9}"}},{"Aces":[{"PrincipalSID":"S-1-5-21-254738255-2385362917-1079920137-512","PrincipalType":"Group","RightName":"Owns","IsInherited":false},{"PrincipalSID":"S-1-5-21-254738255-2385362917-1079920137-512","PrincipalType":"Group","RightName":"WriteDacl","IsInherited":false},{"PrincipalSID":"S-1-5-21-254738255-2385362917-1079920137-512","PrincipalType":"Group","RightName":"WriteOwner","IsInherited":false},{"PrincipalSID":"S-1-5-21-254738255-2385362917-1079920137-512","PrincipalType":"Group","RightName":"GenericWrite","IsInherited":false},{"PrincipalSID":"S-1-5-21-254738255-2385362917-1079920137-512","PrincipalType":"Group","RightName":"WriteDacl","IsInherited":false},{"PrincipalSID":"S-1-5-21-254738255-2385362917-1079920137-512","PrincipalType":"Group","RightName":"WriteOwner","IsInherited":false},{"PrincipalSID":"S-1-5-21-254738255-2385362917-1079920137-512","PrincipalType":"Group","RightName":"GenericWrite","IsInherited":false},{"PrincipalSID":"S-1-5-21-254738255-2385362917-1079920137-519","PrincipalType":"Group","RightName":"WriteDacl","IsInherited":false},{"PrincipalSID":"S-1-5-21-254738255-2385362917-1079920137-519","PrincipalType":"Group","RightName":"WriteOwner","IsInherited":false},{"PrincipalSID":"S-1-5-21-254738255-2385362917-1079920137-519","PrincipalType":"Group","RightName":"GenericWrite","IsInherited":false}],"ObjectIdentifier":"0DCD6903-7B9E-4318-9B8A-C87DF81E5B09","IsDeleted":false,"IsACLProtected":true,"Properties":{"domain":"OCAV.LOCAL","name":"DEFAULT DOMAIN CONTROLLERS POLICY@OCAV.LOCAL","distinguishedname":"CN={6AC1786C-016F-11D2-945F-00C04FB984F9},CN=POLICIES,CN=SYSTEM,DC=OCAV,DC=LOCAL","domainsid":"S-1-5-21-254738255-2385362917-1079920137","highvalue":false,"description":null,"whencreated":1359100929,"gpcpath":"\\\\OCAV.LOCAL\\SYSVOL\\OCAV.LOCAL\\POLICIES\\{6AC1786C-016F-11D2-945F-00C04FB984F9}"}},{"Aces":[{"PrincipalSID":"S-1-5-21-254738255-2385362917-1079920137-512","PrincipalType":"Group","RightName":"Owns","IsInherited":false},{"PrincipalSID":"S-1-5-21-254738255-2385362917-1079920137-512","PrincipalType":"Group","RightName":"WriteDacl","IsInherited":false},{"PrincipalSID":"S-1-5-21-254738255-2385362917-1079920137-512","PrincipalType":"Group","RightName":"WriteOwner","IsInherited":false},{"PrincipalSID":"S-1-5-21-254738255-2385362917-1079920137-512","PrincipalType":"Group","RightName":"GenericWrite","IsInherited":false},{"PrincipalSID":"S-1-5-21-254738255-2385362917-1079920137-519","PrincipalType":"Group","RightName":"WriteDacl","IsInherited":false},{"PrincipalSID":"S-1-5-21-254738255-2385362917-1079920137-519","PrincipalType":"Group","RightName":"WriteOwner","IsInherited":false},{"PrincipalSID":"S-1-5-21-254738255-2385362917-1079920137-519","PrincipalType":"Group","RightName":"GenericWrite","IsInherited":false}],"ObjectIdentifier":"7AC1195F-363E-45F8-A8AC-11F7801A88E1","IsDeleted":false,"IsACLProtected":true,"Properties":{"domain":"OCAV.LOCAL","name":"SMALL BUSINESS SERVER FOLDER REDIRECTION POLICY@OCAV.LOCAL","distinguishedname":"CN={B7D8DC08-405E-4A2F-BCD9-53FFE6C86584},CN=POLICIES,CN=SYSTEM,DC=OCAV,DC=LOCAL","domainsid":"S-1-5-21-254738255-2385362917-1079920137","highvalue":false,"description":null,"whencreated":1359103093,"gpcpath":"\\\\OCAV.LOCAL\\SYSVOL\\OCAV.LOCAL\\POLICIES\\{B7D8DC08-405E-4A2F-BCD9-53FFE6C86584}"}}],"meta":{"methods":29695,"type":"gpos","count":9,"version":4}}